ItemCode,Description,CategoryDescript,Sum_Qty,StoreCode,Unit_Cost,Value_On_Hand,TextUserField1,TextUserField2,TextUserField3,NumericUserField1,NumericUserField2,NumericUserField3
020337,Nozzle 100A Shielded,Plasma Jhb,44.00,JHB,0.0000,0.000000,,,,0.0000,0.0000,0.0000
020415,Electrode 130A H35/N2,Plasma Jhb,16.00,JHB,0.0000,0.000000,,,,0.0000,0.0000,0.0000
020690,T-1045 Nozzle 100A Max200/HT2000,Plasma Jhb,-210.00,CPT,0.0000,0.000000,,,,0.0000,0.0000,0.0000
020690,T-1045 Nozzle 100A Max200/HT2000,Plasma Jhb,315.00,JHB,0.0000,0.000000,,,,0.0000,0.0000,0.0000
0558002533,Swirl Ring,Plasma Jhb,7.00,JHB,0.0000,0.000000,,,,0.0000,0.0000,0.0000
0558003804,Torch Body,Plasma Jhb,2.00,JHB,0.0000,0.000000,,,,0.0000,0.0000,0.0000
0558003914,Electrode,Plasma Jhb,95.00,JHB,0.0000,0.000000,,,,0.0000,0.0000,0.0000
0558003924,Electrode Holder:PT-19XLS/PT-36/,Plasma Jhb,6.00,CPT,0.0000,0.000000,,,,0.0000,0.0000,0.0000
0558003928,Electrode,Plasma Jhb,56.00,JHB,0.0000,0.000000,,,,0.0000,0.0000,0.0000
0558006014,Nozzle,Plasma Jhb,20.00,JHB,0.0000,0.000000,,,,0.0000,0.0000,0.0000
0558006018,Nozzle,Plasma Jhb,54.00,JHB,0.0000,0.000000,,,,0.0000,0.0000,0.0000
0558006020,Nozzle,Plasma Jhb,88.00,JHB,0.0000,0.000000,,,,0.0000,0.0000,0.0000
0558006020,Nozzle,Plasma Jhb,-20.00,JHB,0.0000,0.000000,,,,0.0000,0.0000,0.0000
0558006023,Nozzle,Plasma Jhb,60.00,JHB,0.0000,0.000000,,,,0.0000,0.0000,0.0000
0558006025,Nozzle,Plasma Jhb,43.00,JHB,0.0000,0.000000,,,,0.0000,0.0000,0.0000
0558006030,Nozzle,Plasma Jhb,10.00,JHB,0.0000,0.000000,,,,0.0000,0.0000,0.0000
0558006036,Nozzle,Plasma Jhb,57.00,JHB,0.0000,0.000000,,,,0.0000,0.0000,0.0000
0558006141,Shield,Plasma Jhb,55.00,JHB,0.0000,0.000000,,,,0.0000,0.0000,0.0000
0558006166,Shield Cap 6.6mm,Plasma Jhb,15.00,JHB,0.0000,0.000000,,,,0.0000,0.0000,0.0000
0558006166,Shield Cap 6.6mm,Plasma Jhb,-15.00,JHB,0.0000,0.000000,,,,0.0000,0.0000,0.0000
0558006199,Shield,Plasma Jhb,25.00,JHB,0.0000,0.000000,,,,0.0000,0.0000,0.0000
0558009199,Shield Cup 9.9mm,Plasma Jhb,5.00,JHB,0.0000,0.000000,,,,0.0000,0.0000,0.0000
0558009400,ELECTRODE 30-60A:PT-19XLS/PT-36/,Plasma Jhb,12.00,JHB,0.0000,0.000000,,,,0.0000,0.0000,0.0000
0558009410,Nozzle 1.0mm PT36,Plasma Jhb,15.00,JHB,0.0000,0.000000,,,,0.0000,0.0000,0.0000
059473,TTS059473; DMX105HandTorch+Lead 7.5m,Plasma Jhb,1.00,CPT,0.0000,0.000000,,,,0.0000,0.0000,0.0000
059477,KT-1518; DMXM TORCH w/LEADS 7 6M (25'),Plasma Jhb,2.00,CPT,0.0000,0.000000,,,,0.0000,0.0000,0.0000
059482,TTS059482;DMXM Torch w Leads 7 5m short,Plasma Jhb,2.00,CPT,0.0000,0.000000,,,,0.0000,0.0000,0.0000
0769932,TTS0769932; Heating Nozzle,Plasma Jhb,5.00,JHB,0.0000,0.000000,,,,0.0000,0.0000,0.0000
1-008S,N-10054 O-Ring Repair Torch Assy,Plasma Jhb,-65.00,CPT,0.0000,0.000000,,,,0.0000,0.0000,0.0000
1-008S,N-10054 O-Ring Repair Torch Assy,Plasma Jhb,130.00,JHB,0.0000,0.000000,,,,0.0000,0.0000,0.0000
1-009S,N-10055 O-Ring Repair Torch Assy,Plasma Jhb,5.00,JHB,0.0000,0.000000,,,,0.0000,0.0000,0.0000
1-014S,N-10067 O-Ring Repair Torch Assy,Plasma Jhb,101.00,JHB,0.0000,0.000000,,,,0.0000,0.0000,0.0000
1-025S,N-10092 O-RING,Plasma Jhb,20.00,JHB,0.0000,0.000000,,,,0.0000,0.0000,0.0000
1-028B,N-10096 O-Ring Repair Assembly,Plasma Jhb,25.00,JHB,0.0000,0.000000,,,,0.0000,0.0000,0.0000
10-223,Waterpump,Plasma,1.00,CPT,0.0000,0.000000,,,,0.0000,0.0000,0.0000
10-223,Waterpump,Plasma,7.00,JHB,0.0000,0.000000,,,,0.0000,0.0000,0.0000
104119,Removable tool,Plasma Jhb,4.00,CPT,0.0000,0.000000,,,,0.0000,0.0000,0.0000
104119,Removable tool,Plasma Jhb,10.00,JHB,0.0000,0.000000,,,,0.0000,0.0000,0.0000
11.848.221.145C,Gas Guide G101C,,5.00,JHB,0.0000,0.000000,,,,0.0000,0.0000,0.0000
11.855.40.081,Protection Cap F501,Plasma Jhb,4.00,JHB,0.0000,0.000000,,,,0.0000,0.0000,0.0000
11.855.401.117,Nozzle,Plasma Jhb,20.00,JHB,0.0000,0.000000,,,,0.0000,0.0000,0.0000
11.855.401.142,Cooling Tube F902 Air 02,,14.00,JHB,0.0000,0.000000,,,,0.0000,0.0000,0.0000
11.855.401.1520,Swirl Gas Cap F4020,Plasma Jhb,97.00,JHB,0.0000,0.000000,,,,0.0000,0.0000,0.0000
11.855.401.1530,Swirl Gas Cap F4030,Plasma Jhb,22.00,JHB,0.0000,0.000000,,,,0.0000,0.0000,0.0000
11.855.401.1535,Swirl Gas Cap F4035,,70.00,JHB,0.0000,0.000000,,,,0.0000,0.0000,0.0000
11.855.401.1540,Swirl Gas Cap F4540,Plasma Jhb,25.00,JHB,0.0000,0.000000,,,,0.0000,0.0000,0.0000
11.855.401.1604,Nozzle Cap F3004,Plasma Jhb,8.00,JHB,0.0000,0.000000,,,,0.0000,0.0000,0.0000
11.855.401.1628,Nozzle Cap F3028,Plasma Jhb,16.00,JHB,0.0000,0.000000,,,,0.0000,0.0000,0.0000
11.855.401.350,Cathode F005,,42.00,JHB,0.0000,0.000000,,,,0.0000,0.0000,0.0000
11.855.401.360,Cathode F006,Plasma Jhb,22.00,CPT,0.0000,0.000000,,,,0.0000,0.0000,0.0000
11.855.401.360,Cathode F006,Plasma Jhb,67.00,JHB,0.0000,0.000000,,,,0.0000,0.0000,0.0000
11.855.401.360,Cathode F006,Plasma Jhb,-47.00,JHB,0.0000,0.000000,,,,0.0000,0.0000,0.0000
11.855.401.407,Nozzle F2007 02 35A,Plasma Jhb,20.00,JHB,0.0000,0.000000,,,,0.0000,0.0000,0.0000
11.855.401.408,Nozzle F2008 02 60A,Plasma Jhb,45.00,CPT,0.0000,0.000000,,,,0.0000,0.0000,0.0000
11.855.401.408,Nozzle F2008 02 60A,Plasma Jhb,75.00,JHB,0.0000,0.000000,,,,0.0000,0.0000,0.0000
11.855.401.408,Nozzle F2008 02 60A,Plasma Jhb,-55.00,JHB,0.0000,0.000000,,,,0.0000,0.0000,0.0000
11.855.401.410,Nozzle F2010 90A,Plasma Jhb,10.00,JHB,0.0000,0.000000,,,,0.0000,0.0000,0.0000
11.855.401.412,Nozzle F2012 02 130A,Plasma Jhb,52.00,CPT,0.0000,0.000000,,,,0.0000,0.0000,0.0000
11.855.401.412,Nozzle F2012 02 130A,Plasma Jhb,82.00,JHB,0.0000,0.000000,,,,0.0000,0.0000,0.0000
11.855.401.412,Nozzle F2012 02 130A,Plasma Jhb,-62.00,JHB,0.0000,0.000000,,,,0.0000,0.0000,0.0000
11.855.401.414,Nozzle F2014 02 160A,Plasma Jhb,10.00,CPT,0.0000,0.000000,,,,0.0000,0.0000,0.0000
11.855.401.414,Nozzle F2014 02 160A,Plasma Jhb,49.00,JHB,0.0000,0.000000,,,,0.0000,0.0000,0.0000
11.855.401.417,Nozzle F2017 02 200A,Plasma Jhb,57.00,JHB,0.0000,0.000000,,,,0.0000,0.0000,0.0000
11.855.411.1520,Swirl Gas Cap F4120,,25.00,JHB,0.0000,0.000000,,,,0.0000,0.0000,0.0000
11.855.411.320,Cathode F012,Plasma Jhb,69.00,JHB,0.0000,0.000000,,,,0.0000,0.0000,0.0000
11.855.411.320,Cathode F012,Plasma Jhb,-10.00,JHB,0.0000,0.000000,,,,0.0000,0.0000,0.0000
11.855.421.320,Cathode F022,Plasma Jhb,17.00,JHB,0.0000,0.000000,,,,0.0000,0.0000,0.0000
11.855.421.427,Nozzle 300A F2227,Plasma Jhb,12.00,JHB,0.0000,0.000000,,,,0.0000,0.0000,0.0000
120305,T-1570 Nozzle Pipe Saddle PMX 900,Plasma Jhb,105.00,JHB,0.0000,0.000000,,,,0.0000,0.0000,0.0000
120433,T-8128; Cathode 60A 80A 100A,Plasma Jhb,35.00,JHB,0.0000,0.000000,,,,0.0000,0.0000,0.0000
120547,T-0773:Electrode 100A. 200A:MAX200/HT200,Plasma Jhb,134.00,JHB,0.0000,0.000000,,,,0.0000,0.0000,0.0000
120573,Electrode PMX600,Plasma,10.00,JHB,0.0000,0.000000,,,,0.0000,0.0000,0.0000
120574,T-2298 Electrode Extended PMX 800/900,Plasma Jhb,125.00,JHB,0.0000,0.000000,,,,0.0000,0.0000,0.0000
120576,T-2230; Swirl Ring; PMX600,Plasma Jhb,5.00,JHB,0.0000,0.000000,,,,0.0000,0.0000,0.0000
120600,T-12045; Retaining Cap; PMX600,Plasma Jhb,5.00,JHB,0.0000,0.000000,,,,0.0000,0.0000,0.0000
120667,T-0998:Electrode 40A. 200A:MAX200/HT2000,Plasma Jhb,11.00,JHB,0.0000,0.000000,,,,0.0000,0.0000,0.0000
120826,Nozzle PMX 600,Plasma,20.00,JHB,0.0000,0.000000,,,,0.0000,0.0000,0.0000
120828,T-9827; Shield 40A; PMX600,Plasma Jhb,10.00,JHB,0.0000,0.000000,,,,0.0000,0.0000,0.0000
120837,T-10242:Retaining Cap.Ohmic:Max200/HT200,Plasma Jhb,10.00,JHB,0.0000,0.000000,,,,0.0000,0.0000,0.0000
120925,Swirl Ring 40-80A,Plasma,4.00,CPT,0.0000,0.000000,,,,0.0000,0.0000,0.0000
120925,Swirl Ring 40-80A,Plasma,-2.00,CPT,0.0000,0.000000,,,,0.0000,0.0000,0.0000
120926,Electrode 40-80A,Plasma,30.00,CPT,0.0000,0.000000,,,,0.0000,0.0000,0.0000
120926,Electrode 40-80A,Plasma,225.00,JHB,0.0000,0.000000,,,,0.0000,0.0000,0.0000
120926-UR,Electrodde 40-80A,Plasma,39.00,CPT,0.0000,0.000000,,,,0.0000,0.0000,0.0000
120926-UR,Electrodde 40-80A,Plasma,-10.00,CPT,0.0000,0.000000,,,,0.0000,0.0000,0.0000
120927,Nozzle 80A,Plasma,25.00,CPT,0.0000,0.000000,,,,0.0000,0.0000,0.0000
120927,Nozzle 80A,Plasma,-10.00,CPT,0.0000,0.000000,,,,0.0000,0.0000,0.0000
120927,Nozzle 80A,Plasma,35.00,JHB,0.0000,0.000000,,,,0.0000,0.0000,0.0000
120928,Retaining Cap 40-80A,Plasma,2.00,CPT,0.0000,0.000000,,,,0.0000,0.0000,0.0000
120930,Shield,Plasma,7.00,CPT,0.0000,0.000000,,,,0.0000,0.0000,0.0000
120931,Nozzle 60A,Plasma,35.00,CPT,0.0000,0.000000,,,,0.0000,0.0000,0.0000
120931,Nozzle 60A,Plasma,-10.00,CPT,0.0000,0.000000,,,,0.0000,0.0000,0.0000
120932,Nozzle 40 A,Plasma,45.00,JHB,0.0000,0.000000,,,,0.0000,0.0000,0.0000
21725,PT-10625:Water Baffle:PT-24:ESAB,Plasma Jhb,3.00,JHB,0.0000,0.000000,,,,0.0000,0.0000,0.0000
21796,T-2268:Gas Diffuser 50A:PT-19XLS/PT-36/P,Plasma Jhb,6.00,JHB,0.0000,0.000000,,,,0.0000,0.0000,0.0000
21802,T-2266:Shield 100-250A:PT-19XLS/PT-36/PT,Plasma Jhb,24.00,JHB,0.0000,0.000000,,,,0.0000,0.0000,0.0000
21923,T-3354:Nozzle E 100A:PT-24:ESAB,Plasma Jhb,10.00,JHB,0.0000,0.000000,,,,0.0000,0.0000,0.0000
21944,Diffuser,Plasma Jhb,13.00,JHB,0.0000,0.000000,,,,0.0000,0.0000,0.0000
21945,T-2267:Shield 360A:PT-19XLS/PT-36/PT-600,Plasma Jhb,26.00,JHB,0.0000,0.000000,,,,0.0000,0.0000,0.0000
220006,Nozzle 40 A,Plasma,20.00,CPT,0.0000,0.000000,,,,0.0000,0.0000,0.0000
220006,Nozzle 40 A,Plasma,145.00,JHB,0.0000,0.000000,,,,0.0000,0.0000,0.0000
220007,Nozzle 60A,Plasma,20.00,CPT,0.0000,0.000000,,,,0.0000,0.0000,0.0000
220007,Nozzle 60A,Plasma,25.00,JHB,0.0000,0.000000,,,,0.0000,0.0000,0.0000
220011,Nozzle 100A,Plasma,40.00,CPT,0.0000,0.000000,,,,0.0000,0.0000,0.0000
220011,Nozzle 100A,Plasma,-10.00,CPT,0.0000,0.000000,,,,0.0000,0.0000,0.0000
220011,Nozzle 100A,Plasma,80.00,JHB,0.0000,0.000000,,,,0.0000,0.0000,0.0000
220021-UR,T-3926:Electrode 40A. 200A:MAX200/HT2000,Plasma Jhb,14.00,JHB,0.0000,0.000000,,,,0.0000,0.0000,0.0000
220037,Electrode 100A,,45.00,CPT,0.0000,0.000000,,,,0.0000,0.0000,0.0000
220037,Electrode 100A,,15.00,JHB,0.0000,0.000000,,,,0.0000,0.0000,0.0000
220037UR,Electrode 100A,Plasma,65.00,CPT,0.0000,0.000000,,,,0.0000,0.0000,0.0000
220047UR,Shield Machine,Plasma,8.00,CPT,0.0000,0.000000,,,,0.0000,0.0000,0.0000
220048,Retaining cap 100,Plasma,3.00,CPT,0.0000,0.000000,,,,0.0000,0.0000,0.0000
220051,Cooling Tube,Plasma,3.00,CPT,0.0000,0.000000,,,,0.0000,0.0000,0.0000
220051,Cooling Tube,Plasma,1.00,JHB,0.0000,0.000000,,,,0.0000,0.0000,0.0000
220163,Receptacle,Plasma,1.00,CPT,0.0000,0.000000,,,,0.0000,0.0000,0.0000
220173,Shield Cap 30-130A,Plasma,4.00,JHB,334.5800,1338.320000,,,,0.0000,0.0000,0.0000
220173UR,Shield Cap 30-130A,Plasma,1.00,CPT,0.0000,0.000000,,,,0.0000,0.0000,0.0000
220176,Shield Cap,Plasma,3.00,CPT,0.0000,0.000000,,,,0.0000,0.0000,0.0000
220176,Shield Cap,Plasma,2.00,JHB,0.0000,0.000000,,,,0.0000,0.0000,0.0000
220179,Swirl Ring,Plasma Jhb,4.00,CPT,126.2100,504.840000,,,,0.0000,0.0000,0.0000
220179,Swirl Ring,Plasma Jhb,180.00,JHB,126.2100,22717.800000,,,,0.0000,0.0000,0.0000
220179,Swirl Ring,Plasma Jhb,-15.00,JHB,126.2100,-1893.150000,,,,0.0000,0.0000,0.0000
220179 UR,Swirl Ring,Plasma,28.00,CPT,0.0000,0.000000,,,,0.0000,0.0000,0.0000
220180,Swirl Ring,Plasma,16.00,JHB,41.6700,666.720000,,,,0.0000,0.0000,0.0000
220181,Electrode 130A,Plasma,22.00,JHB,0.0000,0.000000,,,,0.0000,0.0000,0.0000
220181S,Electrode Silver,,346.00,JHB,83.0200,28724.920000,,,,0.0000,0.0000,0.0000
220181S,Electrode Silver,,-60.00,JHB,83.0200,-4981.200000,,,,0.0000,0.0000,0.0000
220182,Nozzle 130A,Plasma,430.00,JHB,60.3700,25959.100000,,,,0.0000,0.0000,0.0000
220182,Nozzle 130A,Plasma,-60.00,JHB,60.3700,-3622.200000,,,,0.0000,0.0000,0.0000
220183,Shield 130A,Plasma,221.00,JHB,30.7200,6789.120000,,,,0.0000,0.0000,0.0000
220183,Shield 130A,Plasma,-30.00,JHB,30.7200,-921.600000,,,,0.0000,0.0000,0.0000
220187,Electrode 80A,Plasma,164.00,CPT,0.0000,0.000000,,,,0.0000,0.0000,0.0000
220187,Electrode 80A,Plasma,-1.00,CPT,0.0000,0.000000,,,,0.0000,0.0000,0.0000
220187,Electrode 80A,Plasma,235.00,JHB,0.0000,0.000000,,,,0.0000,0.0000,0.0000
220187 S,Electrode 80 Silver,,95.00,JHB,89.7500,8526.250000,,,,0.0000,0.0000,0.0000
220188,Nozzle 80A,Plasma,132.00,CPT,0.0000,0.000000,,,,0.0000,0.0000,0.0000
220188,Nozzle 80A,Plasma,-1.00,CPT,0.0000,0.000000,,,,0.0000,0.0000,0.0000
220188,Nozzle 80A,Plasma,-4.00,CPT,24.0900,-96.360000,,,,0.0000,0.0000,0.0000
220188,Nozzle 80A,Plasma,67.00,JHB,0.0000,0.000000,,,,0.0000,0.0000,0.0000
220188,Nozzle 80A,Plasma,-11.00,JHB,36.6717,-403.388700,,,,0.0000,0.0000,0.0000
220188,Nozzle 80A,Plasma,10.00,JHB,50.2020,502.020000,,,,0.0000,0.0000,0.0000
220188,Nozzle 80A,Plasma,59.00,JHB,52.4127,3092.349300,,,,0.0000,0.0000,0.0000
220188,Nozzle 80A,Plasma,100.00,JHB,94.3808,9438.080000,,,,0.0000,0.0000,0.0000
220188,Nozzle 80A,Plasma,-15.00,JHB,36.6717,-550.075500,,,,0.0000,0.0000,0.0000
220188,Nozzle 80A,Plasma,-20.00,JHB,94.3808,-1887.616000,,,,0.0000,0.0000,0.0000
220189,Shield 80A,Plasma,70.00,CPT,16.8000,1176.000000,,,,0.0000,0.0000,0.0000
220189,Shield 80A,Plasma,-1.00,CPT,16.8000,-16.800000,,,,0.0000,0.0000,0.0000
220189,Shield 80A,Plasma,102.00,JHB,16.8000,1713.600000,,,,0.0000,0.0000,0.0000
220192,Electrode 30A,Plasma,20.00,JHB,83.7400,1674.800000,,,,0.0000,0.0000,0.0000
220193,Nozze 30A,Plasma,20.00,JHB,63.1200,1262.400000,,,,0.0000,0.0000,0.0000
220197,Nozzle,Plasma Jhb,85.00,JHB,60.0300,5102.550000,,,,0.0000,0.0000,0.0000
220198,Shield,Plasma,9.00,JHB,26.6700,240.030000,,,,0.0000,0.0000,0.0000
220198,Shield,Plasma,-9.00,JHB,26.6700,-240.030000,,,,0.0000,0.0000,0.0000
220201,Nozzle 45A,Plasma,6.00,CPT,0.0000,0.000000,,,,0.0000,0.0000,0.0000
220206,Retaining Cap,Plasma,4.00,JHB,0.0000,0.000000,,,,0.0000,0.0000,0.0000
220304,Inner Retaining Cap,Plasma,7.00,JHB,0.0000,0.000000,,,,0.0000,0.0000,0.0000
220307,Electrode,Plasma Jhb,40.00,JHB,41.8700,1674.800000,,,,0.0000,0.0000,0.0000
220329,Nozzle 40A,Plasma,3.00,CPT,0.0000,0.000000,,,,0.0000,0.0000,0.0000
220329,Nozzle 40A,Plasma,117.00,JHB,0.0000,0.000000,,,,0.0000,0.0000,0.0000
220338,Shield,Plasma,12.00,JHB,0.0000,0.000000,,,,0.0000,0.0000,0.0000
220340,Water Tube,Plasma Jhb,43.00,JHB,39.3600,1692.480000,,,,0.0000,0.0000,0.0000
220340UR,Water Tube,Plasma,7.00,CPT,0.0000,0.000000,,,,0.0000,0.0000,0.0000
220344,Nozzle Retaining Cap,Plasma,1.00,JHB,0.0000,0.000000,,,,0.0000,0.0000,0.0000
220352,Electrode 200A,Plasma,60.00,CPT,0.0000,0.000000,,,,0.0000,0.0000,0.0000
220352,Electrode 200A,Plasma,-25.00,CPT,0.0000,0.000000,,,,0.0000,0.0000,0.0000
220352,Electrode 200A,Plasma,172.00,JHB,0.0000,0.000000,,,,0.0000,0.0000,0.0000
220352S,Silver ELectrode,,99.00,JHB,0.0000,0.000000,,,,0.0000,0.0000,0.0000
220353,Swirl Ring,Plasma,45.00,JHB,0.0000,0.000000,,,,0.0000,0.0000,0.0000
220354,Nozzle 200A,Plasma,60.00,CPT,0.0000,0.000000,,,,0.0000,0.0000,0.0000
220354,Nozzle 200A,Plasma,-18.00,CPT,0.0000,0.000000,,,,0.0000,0.0000,0.0000
220354,Nozzle 200A,Plasma,115.00,JHB,0.0000,0.000000,,,,0.0000,0.0000,0.0000
220355,Inner Retaining Cap,Plasma,2.00,JHB,0.0000,0.000000,,,,0.0000,0.0000,0.0000
220356,Shield,Plasma,10.00,CPT,0.0000,0.000000,,,,0.0000,0.0000,0.0000
220356,Shield,Plasma,20.00,JHB,0.0000,0.000000,,,,0.0000,0.0000,0.0000
220356,Shield,Plasma,-3.00,JHB,0.0000,0.000000,,,,0.0000,0.0000,0.0000
220398,Shield Cap 200-260A,Plasma,2.00,CPT,0.0000,0.000000,,,,0.0000,0.0000,0.0000
220398,Shield Cap 200-260A,Plasma,1.00,JHB,0.0000,0.000000,,,,0.0000,0.0000,0.0000
220406,Nozzle 260A,Plasma,15.00,JHB,0.0000,0.000000,,,,0.0000,0.0000,0.0000
220407,Shield 260A,Plasma,13.00,JHB,0.0000,0.000000,,,,0.0000,0.0000,0.0000
220435,Electrode 260A,Plasma,15.00,CPT,0.0000,0.000000,,,,0.0000,0.0000,0.0000
220435,Electrode 260A,Plasma,-2.00,CPT,0.0000,0.000000,,,,0.0000,0.0000,0.0000
220435,Electrode 260A,Plasma,64.00,JHB,0.0000,0.000000,,,,0.0000,0.0000,0.0000
220435S,Silver Electrode 260,,99.00,JHB,0.0000,0.000000,,,,0.0000,0.0000,0.0000
220436,Swirl Ring,Plasma,31.00,JHB,26.1500,810.650000,,,,0.0000,0.0000,0.0000
220439,Nozzle 260A,Plasma,60.00,CPT,0.0000,0.000000,,,,0.0000,0.0000,0.0000
220439,Nozzle 260A,Plasma,-19.00,CPT,0.0000,0.000000,,,,0.0000,0.0000,0.0000
220439,Nozzle 260A,Plasma,177.00,JHB,0.0000,0.000000,,,,0.0000,0.0000,0.0000
220439,Nozzle 260A,Plasma,-6.00,JHB,0.0000,0.000000,,,,0.0000,0.0000,0.0000
220440,Shield 260A,Plasma,66.00,JHB,0.0000,0.000000,,,,0.0000,0.0000,0.0000
220478,Electrode,Plasma,50.00,JHB,0.0000,0.000000,,,,0.0000,0.0000,0.0000
220487,Electrode 130A,Plasma,22.00,CPT,0.0000,0.000000,,,,0.0000,0.0000,0.0000
220487,Electrode 130A,Plasma,95.00,JHB,0.0000,0.000000,,,,0.0000,0.0000,0.0000
220487,Electrode 130A,Plasma,-29.00,JHB,0.0000,0.000000,,,,0.0000,0.0000,0.0000
220488,Swirl Ring 130A,Plasma,81.00,JHB,0.0000,0.000000,,,,0.0000,0.0000,0.0000
220488,Swirl Ring 130A,Plasma,-2.00,JHB,0.0000,0.000000,,,,0.0000,0.0000,0.0000
220489,Nozzle 130A,Plasma,46.00,JHB,0.0000,0.000000,,,,0.0000,0.0000,0.0000
220491,Shield,Plasma,50.00,CPT,0.0000,0.000000,,,,0.0000,0.0000,0.0000
220491,Shield,Plasma,69.00,JHB,0.0000,0.000000,,,,0.0000,0.0000,0.0000
220492,Shield,Plasma,20.00,CPT,0.0000,0.000000,,,,0.0000,0.0000,0.0000
220492,Shield,Plasma,3.00,JHB,0.0000,0.000000,,,,0.0000,0.0000,0.0000
220492,Shield,Plasma,-3.00,JHB,0.0000,0.000000,,,,0.0000,0.0000,0.0000
220521,Water Tube,Plasma Jhb,12.00,JHB,0.0000,0.000000,,,,0.0000,0.0000,0.0000
220525,Nozzle 45A,Plasma,2.00,CPT,0.0000,0.000000,,,,0.0000,0.0000,0.0000
220525,Nozzle 45A,Plasma,9.00,JHB,0.0000,0.000000,,,,0.0000,0.0000,0.0000
220525,Nozzle 45A,Plasma,-2.00,JHB,0.0000,0.000000,,,,0.0000,0.0000,0.0000
220528,Electrode 40A,,8.00,CPT,0.0000,0.000000,,,,0.0000,0.0000,0.0000
220528,Electrode 40A,,108.00,JHB,0.0000,0.000000,,,,0.0000,0.0000,0.0000
220528,Electrode 40A,,-12.00,JHB,0.0000,0.000000,,,,0.0000,0.0000,0.0000
220529,Swirl Ring40A,Plasma,44.00,CPT,0.0000,0.000000,,,,0.0000,0.0000,0.0000
220529,Swirl Ring40A,Plasma,15.00,JHB,0.0000,0.000000,,,,0.0000,0.0000,0.0000
220529,Swirl Ring40A,Plasma,-1.00,JHB,0.0000,0.000000,,,,0.0000,0.0000,0.0000
220530,Nozzle 50A,Plasma,5.00,JHB,0.0000,0.000000,,,,0.0000,0.0000,0.0000
220532,Shield 50A,Plasma,56.00,JHB,22.1600,1240.960000,,,,0.0000,0.0000,0.0000
220532,Shield 50A,Plasma,-2.00,JHB,22.1600,-44.320000,,,,0.0000,0.0000,0.0000
220534,Retaining Cap 45A,Plasma,-5.00,CPT,0.0000,0.000000,,,,0.0000,0.0000,0.0000
220534,Retaining Cap 45A,Plasma,10.00,JHB,0.0000,0.000000,,,,0.0000,0.0000,0.0000
220535,Nozzle 130A,Plasma,20.00,CPT,0.0000,0.000000,,,,0.0000,0.0000,0.0000
220536,Shield 130A,Plasma,58.00,JHB,0.0000,0.000000,,,,0.0000,0.0000,0.0000
220536,Shield 130A,Plasma,-3.00,JHB,0.0000,0.000000,,,,0.0000,0.0000,0.0000
220541,Electrode 260 Bevel,,50.00,JHB,127.1300,6356.500000,,,,0.0000,0.0000,0.0000
220541UR,Electrode Bevel 260A,Plasma,5.00,JHB,0.0000,0.000000,,,,0.0000,0.0000,0.0000
220542,Nozzle Bevel 260A,Plasma,10.00,CPT,120.9000,1209.000000,,,,0.0000,0.0000,0.0000
220542,Nozzle Bevel 260A,Plasma,30.00,JHB,120.9000,3627.000000,,,,0.0000,0.0000,0.0000
220545,Shield Bevel 260A,Plasma,10.00,CPT,0.0000,0.000000,,,,0.0000,0.0000,0.0000
220545,Shield Bevel 260A,Plasma,5.00,JHB,0.0000,0.000000,,,,0.0000,0.0000,0.0000
220552,Electrode,,33.00,JHB,0.0000,0.000000,,,,0.0000,0.0000,0.0000
220552UR,Electrode 50A,Plasma,13.00,CPT,0.0000,0.000000,,,,0.0000,0.0000,0.0000
220552UR,Electrode 50A,Plasma,1.00,JHB,0.0000,0.000000,,,,0.0000,0.0000,0.0000
220553,Swirl Ring,Plasma Jhb,11.00,CPT,0.0000,0.000000,,,,0.0000,0.0000,0.0000
220553,Swirl Ring,Plasma Jhb,8.00,JHB,0.0000,0.000000,,,,0.0000,0.0000,0.0000
220554,Nozzle 50A,Plasma,34.00,JHB,0.0000,0.000000,,,,0.0000,0.0000,0.0000
220555,Shield 50A,Plasma,7.00,CPT,0.0000,0.000000,,,,0.0000,0.0000,0.0000
220555,Shield 50A,Plasma,32.00,JHB,0.0000,0.000000,,,,0.0000,0.0000,0.0000
220571,Water Tube,Plasma,10.00,JHB,42.3200,423.200000,,,,0.0000,0.0000,0.0000
220573,Bevel Quick Disconnect,Plasma,1.00,CPT,0.0000,0.000000,,,,0.0000,0.0000,0.0000
220578,Retaining Cap,Plasma,1.00,CPT,0.0000,0.000000,,,,0.0000,0.0000,0.0000
220629,Electrode 40A,Plasma,27.00,CPT,0.0000,0.000000,,,,0.0000,0.0000,0.0000
220629,Electrode 40A,Plasma,30.00,JHB,0.0000,0.000000,,,,0.0000,0.0000,0.0000
220631,Swirl Ring 400A,Plasma Jhb,4.00,CPT,0.0000,0.000000,,,,0.0000,0.0000,0.0000
220631,Swirl Ring 400A,Plasma Jhb,5.00,JHB,0.0000,0.000000,,,,0.0000,0.0000,0.0000
220632,Nozzle 400A,Plasma,51.00,CPT,0.0000,0.000000,,,,0.0000,0.0000,0.0000
220632,Nozzle 400A,Plasma,25.00,JHB,0.0000,0.000000,,,,0.0000,0.0000,0.0000
220635,Retaining Cap,Plasma,1.00,JHB,0.0000,0.000000,,,,0.0000,0.0000,0.0000
220636,Shield 400A,Plasma,28.00,CPT,0.0000,0.000000,,,,0.0000,0.0000,0.0000
220636,Shield 400A,Plasma,20.00,JHB,0.0000,0.000000,,,,0.0000,0.0000,0.0000
220637,Shield Cap 200A,Plasma,6.00,CPT,0.0000,0.000000,,,,0.0000,0.0000,0.0000
220637,Shield Cap 200A,Plasma,-1.00,CPT,89.7500,-89.750000,,,,0.0000,0.0000,0.0000
220637,Shield Cap 200A,Plasma,1.00,JHB,0.0000,0.000000,,,,0.0000,0.0000,0.0000
220637,Shield Cap 200A,Plasma,-1.00,JHB,123.0480,-123.048000,,,,0.0000,0.0000,0.0000
220637,Shield Cap 200A,Plasma,2.00,JHB,285.8990,571.798000,,,,0.0000,0.0000,0.0000
220637,Shield Cap 200A,Plasma,2.00,JHB,471.9040,943.808000,,,,0.0000,0.0000,0.0000
220645,Shield,Plasma,5.00,CPT,0.0000,0.000000,,,,0.0000,0.0000,0.0000
220646,Nozzle 260A,Plasma,183.00,CPT,0.0000,0.000000,,,,0.0000,0.0000,0.0000
220646,Nozzle 260A,Plasma,-15.00,CPT,0.0000,0.000000,,,,0.0000,0.0000,0.0000
220649,Electrode 260A,Plasma,15.00,CPT,0.0000,0.000000,,,,0.0000,0.0000,0.0000
220649,Electrode 260A,Plasma,-15.00,CPT,0.0000,0.000000,,,,0.0000,0.0000,0.0000
220649,Electrode 260A,Plasma,221.00,JHB,0.0000,0.000000,,,,0.0000,0.0000,0.0000
220669,Electrode 40A,Plasma,20.00,CPT,5.8000,116.000000,,,,0.0000,0.0000,0.0000
220669,Electrode 40A,Plasma,105.00,JHB,5.8000,609.000000,,,,0.0000,0.0000,0.0000
220670,Swirl Ring 40A,Plasma,7.00,CPT,0.0000,0.000000,,,,0.0000,0.0000,0.0000
220670,Swirl Ring 40A,Plasma,2.00,JHB,0.0000,0.000000,,,,0.0000,0.0000,0.0000
220671,Shield 40A,Plasma,20.00,CPT,4.6600,93.200000,,,,0.0000,0.0000,0.0000
220671,Shield 40A,Plasma,94.00,JHB,4.6600,438.040000,,,,0.0000,0.0000,0.0000
220673,Shield,Plasma,41.00,CPT,0.0000,0.000000,,,,0.0000,0.0000,0.0000
220673,Shield,Plasma,4.00,JHB,0.0000,0.000000,,,,0.0000,0.0000,0.0000
220674,Shield Hand,Plasma,40.00,CPT,0.0000,0.000000,,,,0.0000,0.0000,0.0000
220674,Shield Hand,Plasma,80.00,JHB,47.1904,3775.232000,,,,0.0000,0.0000,0.0000
220674,Shield Hand,Plasma,-35.00,JHB,47.1904,-1651.664000,,,,0.0000,0.0000,0.0000
220675,Shield,Plasma Jhb,19.00,JHB,0.0000,0.000000,,,,0.0000,0.0000,0.0000
220700,Water Tube,Plasma,1.00,CPT,0.0000,0.000000,,,,0.0000,0.0000,0.0000
220705,Quick Disconnect,Plasma,1.00,CPT,0.0000,0.000000,,,,0.0000,0.0000,0.0000
220705,Quick Disconnect,Plasma,3.00,JHB,0.0000,0.000000,,,,0.0000,0.0000,0.0000
220706,Quick Disconnect Torch,Plasma,1.00,CPT,0.0000,0.000000,,,,0.0000,0.0000,0.0000
220706,Quick Disconnect Torch,Plasma,2.00,JHB,7616.7686,15233.537200,,,,0.0000,0.0000,0.0000
220713,Retaining Cap,Plasma,6.00,CPT,0.0000,0.000000,,,,0.0000,0.0000,0.0000
220713,Retaining Cap,Plasma,2.00,JHB,0.0000,0.000000,,,,0.0000,0.0000,0.0000
220719,Nozzle,,3.00,JHB,0.0000,0.000000,,,,0.0000,0.0000,0.0000
220740,Inner Retaining Cap,Plasma,1.00,CPT,0.0000,0.000000,,,,0.0000,0.0000,0.0000
220741,Shield 260A,Plasma,19.00,CPT,0.0000,0.000000,,,,0.0000,0.0000,0.0000
220742,Shield 80/130A,Plasma,20.00,CPT,0.0000,0.000000,,,,0.0000,0.0000,0.0000
220747,Shield 30-130A,Plasma,4.00,CPT,0.0000,0.000000,,,,0.0000,0.0000,0.0000
220747,Shield 30-130A,Plasma,20.00,JHB,0.0000,0.000000,,,,0.0000,0.0000,0.0000
220747,Shield 30-130A,Plasma,-4.00,JHB,0.0000,0.000000,,,,0.0000,0.0000,0.0000
220754,Inner Retaining Cap 30-130A,Plasma,4.00,CPT,0.0000,0.000000,,,,0.0000,0.0000,0.0000
220755,Inner Retaining Cap,Plasma,1.00,JHB,0.0000,0.000000,,,,0.0000,0.0000,0.0000
220756,Inner Retaining Cap,Plasma,2.00,CPT,0.0000,0.000000,,,,0.0000,0.0000,0.0000
220756,Inner Retaining Cap,Plasma,15.00,JHB,0.0000,0.000000,,,,0.0000,0.0000,0.0000
220757,Retaining Cap 200A,Plasma,14.00,CPT,0.0000,0.000000,,,,0.0000,0.0000,0.0000
220757,Retaining Cap 200A,Plasma,3.00,JHB,0.0000,0.000000,,,,0.0000,0.0000,0.0000
220758,Nozzle Retaining Cap,Plasma,1.00,CPT,0.0000,0.000000,,,,0.0000,0.0000,0.0000
220760,Retaining Cap,Plasma,9.00,CPT,0.0000,0.000000,,,,0.0000,0.0000,0.0000
220760,Retaining Cap,Plasma,6.00,JHB,0.0000,0.000000,,,,0.0000,0.0000,0.0000
220760 UR,Retaining Cap,Plasma,7.00,CPT,0.0000,0.000000,,,,0.0000,0.0000,0.0000
220761,Shield 200A,Plasma,177.00,JHB,0.0000,0.000000,,,,0.0000,0.0000,0.0000
220764,Shield 260A,Plasma,88.00,CPT,0.0000,0.000000,,,,0.0000,0.0000,0.0000
220764,Shield 260A,Plasma,-5.00,CPT,0.0000,0.000000,,,,0.0000,0.0000,0.0000
220764,Shield 260A,Plasma,19.00,JHB,0.0000,0.000000,,,,0.0000,0.0000,0.0000
220798,Shield,Plasma Jhb,79.00,JHB,0.0000,0.000000,,,,0.0000,0.0000,0.0000
220816,Nozzle 85A,Plasma,102.00,CPT,5.7300,584.460000,,,,0.0000,0.0000,0.0000
220816,Nozzle 85A,Plasma,455.00,JHB,5.7300,2607.150000,,,,0.0000,0.0000,0.0000
220816,Nozzle 85A,Plasma,-5.00,JHB,5.7300,-28.650000,,,,0.0000,0.0000,0.0000
220817,Shield,Plasma,17.00,CPT,26.8300,456.110000,,,,0.0000,0.0000,0.0000
220817,Shield,Plasma,130.00,JHB,26.8300,3487.900000,,,,0.0000,0.0000,0.0000
220818,Shield,Plasma Jhb,3.00,CPT,0.0000,0.000000,,,,0.0000,0.0000,0.0000
220818,Shield,Plasma Jhb,-1.00,CPT,0.0000,0.000000,,,,0.0000,0.0000,0.0000
220818,Shield,Plasma Jhb,30.00,JHB,0.0000,0.000000,,,,0.0000,0.0000,0.0000
220819,Nozzle 65A,Plasma,5.00,CPT,4.3900,21.950000,,,,0.0000,0.0000,0.0000
220819,Nozzle 65A,Plasma,-5.00,CPT,4.3900,-21.950000,,,,0.0000,0.0000,0.0000
220819,Nozzle 65A,Plasma,289.00,JHB,4.3900,1268.710000,,,,0.0000,0.0000,0.0000
220831,Nozzle,Plasma,65.00,JHB,0.0000,0.000000,,,,0.0000,0.0000,0.0000
220832,Shield 200A,Plasma,70.00,JHB,0.0000,0.000000,,,,0.0000,0.0000,0.0000
220834,Swirl Ring,Plasma,20.00,CPT,0.0000,0.000000,,,,0.0000,0.0000,0.0000
220834,Swirl Ring,Plasma,10.00,JHB,0.0000,0.000000,,,,0.0000,0.0000,0.0000
220842,Electrode 45-105A,Plasma,68.00,CPT,38.3900,2610.520000,,,,0.0000,0.0000,0.0000
220842,Electrode 45-105A,Plasma,5.00,CPT,2408.9725,12044.862500,,,,0.0000,0.0000,0.0000
220842,Electrode 45-105A,Plasma,62.00,CPT,38.3900,2380.180000,,,,0.0000,0.0000,0.0000
220842,Electrode 45-105A,Plasma,574.00,JHB,38.3900,22035.860000,,,,0.0000,0.0000,0.0000
220842,Electrode 45-105A,Plasma,-302.00,JHB,38.3900,-11593.780000,,,,0.0000,0.0000,0.0000
220854,Retaining Cap,Plasma,8.00,CPT,0.0000,0.000000,,,,0.0000,0.0000,0.0000
220854,Retaining Cap,Plasma,-2.00,CPT,0.0000,0.000000,,,,0.0000,0.0000,0.0000
220854,Retaining Cap,Plasma,31.00,JHB,0.0000,0.000000,,,,0.0000,0.0000,0.0000
220854,Retaining Cap,Plasma,-6.00,JHB,0.0000,0.000000,,,,0.0000,0.0000,0.0000
220857,Swirl Ring,Plasma,8.00,CPT,0.0000,0.000000,,,,0.0000,0.0000,0.0000
220857,Swirl Ring,Plasma,30.00,JHB,0.0000,0.000000,,,,0.0000,0.0000,0.0000
220890,Nozzle 50A,Plasma,18.00,CPT,0.0000,0.000000,,,,0.0000,0.0000,0.0000
220890,Nozzle 50A,Plasma,-2.00,CPT,0.0000,0.000000,,,,0.0000,0.0000,0.0000
220890,Nozzle 50A,Plasma,30.00,JHB,0.0000,0.000000,,,,0.0000,0.0000,0.0000
220891,Nozzle 50A,Plasma,25.00,JHB,0.0000,0.000000,,,,0.0000,0.0000,0.0000
220892,Nozzle 130A,Plasma,28.00,CPT,0.0000,0.000000,,,,0.0000,0.0000,0.0000
220892,Nozzle 130A,Plasma,-3.00,CPT,0.0000,0.000000,,,,0.0000,0.0000,0.0000
220892,Nozzle 130A,Plasma,15.00,JHB,0.0000,0.000000,,,,0.0000,0.0000,0.0000
220893,Nozzle 130A,Plasma,88.00,JHB,0.0000,0.000000,,,,0.0000,0.0000,0.0000
220927,Nozzle,,40.00,JHB,35.3993,1415.972000,,,,0.0000,0.0000,0.0000
220930,Nozzle 30-45A,Plasma Jhb,180.00,JHB,11.3800,2048.400000,,,,0.0000,0.0000,0.0000
220931,Shield,Plasma Jhb,10.00,JHB,0.0000,0.000000,,,,0.0000,0.0000,0.0000
220935,Retaining Cap,Plasma,8.00,CPT,101.8800,815.040000,,,,0.0000,0.0000,0.0000
220935,Retaining Cap,Plasma,-1.00,CPT,101.8800,-101.880000,,,,0.0000,0.0000,0.0000
220936,Retaining Cap,Plasma,2.00,JHB,0.0000,0.000000,,,,0.0000,0.0000,0.0000
220937,Electrode 200A,Plasma,60.00,CPT,0.0000,0.000000,,,,0.0000,0.0000,0.0000
220937,Electrode 200A,Plasma,60.00,JHB,0.0000,0.000000,,,,0.0000,0.0000,0.0000
220941,Nozzle fine cut 45A,Plasma Jhb,80.00,JHB,0.0000,0.000000,,,,0.0000,0.0000,0.0000
220947,Swirl Ring,Plasma Jhb,10.00,JHB,0.0000,0.000000,,,,0.0000,0.0000,0.0000
220948,Shield,Plasma Jhb,54.00,JHB,0.0000,0.000000,,,,0.0000,0.0000,0.0000
220953,Retaining Cap,Plasma,28.00,JHB,158.7400,4444.720000,,,,0.0000,0.0000,0.0000
220953,Retaining Cap,Plasma,-4.00,JHB,158.7400,-634.960000,,,,0.0000,0.0000,0.0000
220955,Deflector,Plasma,4.00,JHB,0.0000,0.000000,,,,0.0000,0.0000,0.0000
220971,Electrode,Plasma,22.00,JHB,0.0000,0.000000,,,,0.0000,0.0000,0.0000
220971B,Electrode Standard,,137.00,JHB,0.0000,0.000000,,,,0.0000,0.0000,0.0000
220971S,Electrode Silver,,268.00,JHB,44.6800,11974.240000,,,,0.0000,0.0000,0.0000
220971S,Electrode Silver,,-50.00,JHB,44.6800,-2234.000000,,,,0.0000,0.0000,0.0000
220975,Nozzle,Plasma,397.00,JHB,23.4900,9325.530000,,,,0.0000,0.0000,0.0000
220975,Nozzle,Plasma,-90.00,JHB,23.4900,-2114.100000,,,,0.0000,0.0000,0.0000
220976,Shield 105A,Plasma,252.00,JHB,6.3600,1602.720000,,,,0.0000,0.0000,0.0000
220976,Shield 105A,Plasma,-20.00,JHB,6.3600,-127.200000,,,,0.0000,0.0000,0.0000
220977,Retaining Cap,Plasma Jhb,19.00,JHB,234.8700,4462.530000,,,,0.0000,0.0000,0.0000
220990,Nozzle 105A,Plasma,20.00,CPT,13.4000,268.000000,,,,0.0000,0.0000,0.0000
220990,Nozzle 105A,Plasma,310.00,JHB,13.4000,4154.000000,,,,0.0000,0.0000,0.0000
220990,Nozzle 105A,Plasma,-130.00,JHB,13.4000,-1742.000000,,,,0.0000,0.0000,0.0000
220992,Shield,Plasma Jhb,20.00,JHB,0.0000,0.000000,,,,0.0000,0.0000,0.0000
220993,Shield,Plasma,107.00,JHB,26.1200,2794.840000,,,,0.0000,0.0000,0.0000
220993,Shield,Plasma,-30.00,JHB,26.1200,-783.600000,,,,0.0000,0.0000,0.0000
220994,Swirl Ring,Plasma,76.00,JHB,0.0000,0.000000,,,,0.0000,0.0000,0.0000
220997,Swirl Ring,Plasma,107.00,JHB,0.0000,0.000000,,,,0.0000,0.0000,0.0000
220997,Swirl Ring,Plasma,-5.00,JHB,0.0000,0.000000,,,,0.0000,0.0000,0.0000
228295,TTS295;LEADS 7.5M,Plasma Jhb,1.00,JHB,0.0000,0.000000,,,,0.0000,0.0000,0.0000
228716,Plasma Main Body,Plasma,3.00,CPT,0.0000,0.000000,,,,0.0000,0.0000,0.0000
228716,Plasma Main Body,Plasma,5.00,JHB,0.0000,0.000000,,,,0.0000,0.0000,0.0000
277115,Shield Cap 50A,Plasma,1.00,JHB,0.0000,0.000000,,,,0.0000,0.0000,0.0000
277117,Shield Cap 150A,Plasma,151.00,JHB,0.0000,0.000000,,,,0.0000,0.0000,0.0000
277120,Nozzle 30A,Plasma,2.00,JHB,0.0000,0.000000,,,,0.0000,0.0000,0.0000
277122,Nozzle 50A,Plasma,9.00,JHB,0.0000,0.000000,,,,0.0000,0.0000,0.0000
277125,Nozzle 70A,Plasma,47.00,JHB,0.0000,0.000000,,,,0.0000,0.0000,0.0000
277130,Electrode 30A,Plasma,6.00,JHB,0.0000,0.000000,,,,0.0000,0.0000,0.0000
277131,Electrode 50/70A,Plasma,90.00,JHB,0.0000,0.000000,,,,0.0000,0.0000,0.0000
277139,Swirl Ring 150A,Plasma,62.00,JHB,0.0000,0.000000,,,,0.0000,0.0000,0.0000
277140,Swirl Ring 30-70A,Plasma,30.00,CPT,0.0000,0.000000,,,,0.0000,0.0000,0.0000
277140,Swirl Ring 30-70A,Plasma,46.00,JHB,0.0000,0.000000,,,,0.0000,0.0000,0.0000
277142,Swirl Ring 50-70A,Plasma,46.00,JHB,0.0000,0.000000,,,,0.0000,0.0000,0.0000
277143,Swirl Ring 200A,Plasma,46.00,JHB,0.0000,0.000000,,,,0.0000,0.0000,0.0000
277145,Shield Cap 30A,Plasma,5.00,JHB,0.0000,0.000000,,,,0.0000,0.0000,0.0000
277150,Shield Cap 70A,Plasma,46.00,JHB,0.0000,0.000000,,,,0.0000,0.0000,0.0000
277151,Inner Retaining Cap 100-150A,Plasma,1.00,CPT,0.0000,0.000000,,,,0.0000,0.0000,0.0000
277151,Inner Retaining Cap 100-150A,Plasma,2.00,JHB,0.0000,0.000000,,,,0.0000,0.0000,0.0000
277152,Inner Retaining Cap 150A,Plasma,8.00,JHB,0.0000,0.000000,,,,0.0000,0.0000,0.0000
277153,Inner Retaining Cap 30-70A,Plasma,6.00,JHB,0.0000,0.000000,,,,0.0000,0.0000,0.0000
277154,Outer Retaining Cap 30-275A,Plasma,5.00,JHB,0.0000,0.000000,,,,0.0000,0.0000,0.0000
277258,Swirl Ring 275A,Plasma,37.00,JHB,0.0000,0.000000,,,,0.0000,0.0000,0.0000
277263,Shield Cap 275A,Plasma,89.00,JHB,0.0000,0.000000,,,,0.0000,0.0000,0.0000
277266,Inner Retaining Cap 200-275A,Plasma,5.00,JHB,0.0000,0.000000,,,,0.0000,0.0000,0.0000
277269,Nozzle 275A,Plasma,89.00,JHB,0.0000,0.000000,,,,0.0000,0.0000,0.0000
277270,Electrode 275A,Plasma,132.00,JHB,0.0000,0.000000,,,,0.0000,0.0000,0.0000
277274,Shield 200A,Plasma,59.00,JHB,0.0000,0.000000,,,,0.0000,0.0000,0.0000
277276,Nozzle 275A,Plasma,30.00,CPT,0.0000,0.000000,,,,0.0000,0.0000,0.0000
277282,Electrode 100A,Plasma,32.00,CPT,0.0000,0.000000,,,,0.0000,0.0000,0.0000
277282,Electrode 100A,Plasma,-20.00,CPT,0.0000,0.000000,,,,0.0000,0.0000,0.0000
277282,Electrode 100A,Plasma,87.00,JHB,0.0000,0.000000,,,,0.0000,0.0000,0.0000
277283,Swirl Ring 100A,Plasma,6.00,CPT,0.0000,0.000000,,,,0.0000,0.0000,0.0000
277283,Swirl Ring 100A,Plasma,-5.00,CPT,0.0000,0.000000,,,,0.0000,0.0000,0.0000
277283,Swirl Ring 100A,Plasma,52.00,JHB,0.0000,0.000000,,,,0.0000,0.0000,0.0000
277284,Nozzle 100A,Plasma,31.00,CPT,22.0200,682.620000,,,,0.0000,0.0000,0.0000
277284,Nozzle 100A,Plasma,-20.00,CPT,22.0200,-440.400000,,,,0.0000,0.0000,0.0000
277284,Nozzle 100A,Plasma,64.00,JHB,22.0200,1409.280000,,,,0.0000,0.0000,0.0000
277286,Shield 100A,Plasma,43.00,CPT,58.0100,2494.430000,,,,0.0000,0.0000,0.0000
277286,Shield 100A,Plasma,-20.00,CPT,58.0100,-1160.200000,,,,0.0000,0.0000,0.0000
277286,Shield 100A,Plasma,52.00,JHB,58.0100,3016.520000,,,,0.0000,0.0000,0.0000
277289,Nozzle 200A,Plasma,57.00,JHB,0.0000,0.000000,,,,0.0000,0.0000,0.0000
277291,Electrode 200A,Plasma,121.00,JHB,0.0000,0.000000,,,,0.0000,0.0000,0.0000
277292,Electrode 150A,Plasma,99.00,JHB,0.0000,0.000000,,,,0.0000,0.0000,0.0000
277293,Nozzle 150A,Plasma,96.00,JHB,0.0000,0.000000,,,,0.0000,0.0000,0.0000
279150,Torch head Kaliburn,Plasma,1.00,CPT,0.0000,0.000000,,,,0.0000,0.0000,0.0000
37081,Shield Cap,Plasma Jhb,2.00,JHB,0.0000,0.000000,,,,0.0000,0.0000,0.0000
37082,Shield Cap,Plasma Jhb,4.00,JHB,0.0000,0.000000,,,,0.0000,0.0000,0.0000
420044,Nozzle 200A,Plasma Jhb,33.00,CPT,0.0000,0.000000,,,,0.0000,0.0000,0.0000
420044,Nozzle 200A,Plasma Jhb,-2.00,CPT,0.0000,0.000000,,,,0.0000,0.0000,0.0000
420044,Nozzle 200A,Plasma Jhb,62.00,JHB,0.0000,0.000000,,,,0.0000,0.0000,0.0000
420045,Shield 200A,Plasma Jhb,43.00,CPT,0.0000,0.000000,,,,0.0000,0.0000,0.0000
420045,Shield 200A,Plasma Jhb,43.00,JHB,0.0000,0.000000,,,,0.0000,0.0000,0.0000
420151,Nozzle,Plasma Jhb,60.00,JHB,0.0000,0.000000,,,,0.0000,0.0000,0.0000
420152A,Shield,Plasma Jhb,20.00,JHB,0.0000,0.000000,,,,0.0000,0.0000,0.0000
420156,Ret.Cap IHS PMX125,Plasma Jhb,71.00,JHB,0.0000,0.000000,,,,0.0000,0.0000,0.0000
420156,Ret.Cap IHS PMX125,Plasma Jhb,-4.00,JHB,0.0000,0.000000,,,,0.0000,0.0000,0.0000
420158,Nozzle,,50.00,JHB,0.0000,0.000000,,,,0.0000,0.0000,0.0000
420159,Swirl ring,Plasma Jhb,10.00,JHB,0.0000,0.000000,,,,0.0000,0.0000,0.0000
420168,Shield 65A PMX 125,Plasma Jhb,22.00,JHB,0.0000,0.000000,,,,0.0000,0.0000,0.0000
420169,Nozzle 65A PMX125,Plasma Jhb,377.00,JHB,0.0000,0.000000,,,,0.0000,0.0000,0.0000
420169,Nozzle 65A PMX125,Plasma Jhb,-10.00,JHB,0.0000,0.000000,,,,0.0000,0.0000,0.0000
420240,Electrode 80A,Plasma Jhb,-20.00,CPT,0.0000,0.000000,,,,0.0000,0.0000,0.0000
420240,Electrode 80A,Plasma Jhb,30.00,JHB,0.0000,0.000000,,,,0.0000,0.0000,0.0000
420243,Nozzle 80A,Plasma Jhb,10.00,JHB,0.0000,0.000000,,,,0.0000,0.0000,0.0000
420246,Shield 80A,Plasma Jhb,10.00,CPT,0.0000,0.000000,,,,0.0000,0.0000,0.0000
420258,Electrode 170Z,Plasma Jhb,8.00,CPT,0.0000,0.000000,,,,0.0000,0.0000,0.0000
420258,Electrode 170Z,Plasma Jhb,2.00,JHB,0.0000,0.000000,,,,0.0000,0.0000,0.0000
420260,Swirl Ring,Plasma Jhb,5.00,CPT,0.0000,0.000000,,,,0.0000,0.0000,0.0000
420261A,Nozzle 170A,Plasma Jhb,8.00,CPT,0.0000,0.000000,,,,0.0000,0.0000,0.0000
420261A,Nozzle 170A,Plasma Jhb,2.00,JHB,0.0000,0.000000,,,,0.0000,0.0000,0.0000
420276,Electrode 300A,Plasma Jhb,8.00,CPT,0.0000,0.000000,,,,0.0000,0.0000,0.0000
420276,Electrode 300A,Plasma Jhb,2.00,JHB,0.0000,0.000000,,,,0.0000,0.0000,0.0000
420279,Nozzle 30 A,Plasma Jhb,8.00,CPT,0.0000,0.000000,,,,0.0000,0.0000,0.0000
420279,Nozzle 30 A,Plasma Jhb,2.00,JHB,0.0000,0.000000,,,,0.0000,0.0000,0.0000
420365,Nozzle Retaining Cap,Plasma Jhb,2.00,JHB,0.0000,0.000000,,,,0.0000,0.0000,0.0000
420368,Cooling Tube,Plasma Jhb,1.00,CPT,0.0000,0.000000,,,,0.0000,0.0000,0.0000
420368,Cooling Tube,Plasma Jhb,4.00,JHB,0.0000,0.000000,,,,0.0000,0.0000,0.0000
420406,Swirl Ring,Plasma Jhb,5.00,CPT,0.0000,0.000000,,,,0.0000,0.0000,0.0000
420491,Sield 300A,Plasma Jhb,8.00,CPT,0.0000,0.000000,,,,0.0000,0.0000,0.0000
420491,Sield 300A,Plasma Jhb,2.00,JHB,0.0000,0.000000,,,,0.0000,0.0000,0.0000
420513,Shield 170A,Plasma Jhb,10.00,JHB,0.0000,0.000000,,,,0.0000,0.0000,0.0000
428147,nozzle,,12.00,JHB,0.0000,0.000000,,,,0.0000,0.0000,0.0000
558009425,T-12231 Shield 2.5mm PT36,Plasma Jhb,10.00,JHB,0.0000,0.000000,,,,0.0000,0.0000,0.0000
6290-VAX1,A-1304: Cutting Tip 0-8mm,Plasma Jhb,5.00,CPT,0.0000,0.000000,,,,0.0000,0.0000,0.0000
6290-VAX2,A-1305: Cutting Tip 8-15mm,Plasma Jhb,2.00,CPT,0.0000,0.000000,,,,0.0000,0.0000,0.0000
6290-VAX3,A-1306: Cutting Tip 15-35mm,Plasma Jhb,4.00,CPT,0.0000,0.000000,,,,0.0000,0.0000,0.0000
6290-VAX4,A-1307: 6290-VAX4: Cutting Tip 35-75mm,Plasma Jhb,4.00,CPT,0.0000,0.000000,,,,0.0000,0.0000,0.0000
6290-VAX5,A-1308:Cutting tip. 75 - 150mm:6290-VAX:,Plasma Jhb,2.00,CPT,0.0000,0.000000,,,,0.0000,0.0000,0.0000
6290-VAX6,A-1309:Cutting tip. 150 - 200mm:6290-VAX,Plasma Jhb,3.00,JHB,0.0000,0.000000,,,,0.0000,0.0000,0.0000
6290-VVC0,A-1163:Cutting tip. 12.5 - 20mm:6290-VVC,Plasma Jhb,18.00,JHB,0.0000,0.000000,,,,0.0000,0.0000,0.0000
6290-VVC00,A-1162:Cutting tip. 9 - 12.5mm:6290-VVC:,Plasma Jhb,20.00,JHB,0.0000,0.000000,,,,0.0000,0.0000,0.0000
6290-VVC01/2,A-1164 Cutting Tip 20-35mm Harris,Plasma Jhb,5.00,CPT,0.0000,0.000000,,,,0.0000,0.0000,0.0000
6290-VVC1,A-1165:Cutting tip. 35 - 60mm:6290-VVC:H,Plasma Jhb,5.00,CPT,0.0000,0.000000,,,,0.0000,0.0000,0.0000
6290-VVC1-1/2,A-1166 Cutting Tip 60-75mm Harris,Plasma Jhb,10.00,JHB,0.0000,0.000000,,,,0.0000,0.0000,0.0000
6290-VVC2,A-1167:Cutting tip. 75 - 125mm:6290-VVC:,Plasma Jhb,3.00,CPT,0.0000,0.000000,,,,0.0000,0.0000,0.0000
6290-VVC2,A-1167:Cutting tip. 75 - 125mm:6290-VVC:,Plasma Jhb,9.00,JHB,0.0000,0.000000,,,,0.0000,0.0000,0.0000
6290-VVC2-1/2,A-1168 Cutting Tip 125-150mm Harris,Plasma Jhb,11.00,JHB,0.0000,0.000000,,,,0.0000,0.0000,0.0000
6290-VVC3,A-1169:Cutting tip. 150- 175mm:6290-VVC:,Plasma Jhb,7.00,CPT,0.0000,0.000000,,,,0.0000,0.0000,0.0000
6290-VVC3/0,A-1161:Cutting tip. 6 - 9mm:6290-VVC:HAR,Plasma Jhb,8.00,JHB,0.0000,0.000000,,,,0.0000,0.0000,0.0000
6290-VVC4,A-1170:Cutting tip. 175 - 200mm:6290-VVC,Plasma Jhb,9.00,CPT,0.0000,0.000000,,,,0.0000,0.0000,0.0000
6290-VVC4/0,A-1160 Cutting Tip 4-6mm Harris,Plasma Jhb,8.00,JHB,0.0000,0.000000,,,,0.0000,0.0000,0.0000
6290-VVC5,A-1171:Cutting tip. 200 - 225mm:6290-VVC,Plasma Jhb,7.00,CPT,0.0000,0.000000,,,,0.0000,0.0000,0.0000
6290-VVC5-1/2,A-1172 Cutting Tip 225-250mm Harris,Plasma Jhb,15.00,JHB,0.0000,0.000000,,,,0.0000,0.0000,0.0000
6290-VVC5/0,A-1159 Cutting Tip 1-4mm Harris,Plasma Jhb,5.00,JHB,0.0000,0.000000,,,,0.0000,0.0000,0.0000
716 11301,716.11301;A-1434;Torch Cap,Plasma Jhb,4.00,JHB,0.0000,0.000000,,,,0.0000,0.0000,0.0000
716 15900,A-1281 Heating Nozzle 3-100mm Messer,Plasma Jhb,56.00,JHB,37.0800,2076.480000,,,,0.0000,0.0000,0.0000
716 15901,A-1282:Cutting Tip 3 -10 mm:1230-PMYF,Plasma Jhb,67.00,JHB,0.0000,0.000000,,,,0.0000,0.0000,0.0000
716 15902,A-1283:Cutting Tip 7 -15 mm:1230-PMYF,Plasma Jhb,5.00,CPT,0.0000,0.000000,,,,0.0000,0.0000,0.0000
716 15902,A-1283:Cutting Tip 7 -15 mm:1230-PMYF,Plasma Jhb,35.00,JHB,0.0000,0.000000,,,,0.0000,0.0000,0.0000
716 15903,A-1235:Cutting Tip 15 - 25 mm:1230-PMYF,Plasma Jhb,97.00,JHB,27.9000,2706.300000,,,,0.0000,0.0000,0.0000
716 15904,A-1236:Cutting Tip 25 - 40 mm:1230-PMYF,Plasma Jhb,38.00,CPT,0.0000,0.000000,,,,0.0000,0.0000,0.0000
716 15904,A-1236:Cutting Tip 25 - 40 mm:1230-PMYF,Plasma Jhb,28.00,JHB,0.0000,0.000000,,,,0.0000,0.0000,0.0000
716 15904,A-1236:Cutting Tip 25 - 40 mm:1230-PMYF,Plasma Jhb,60.00,JHB,49.2900,2957.400000,,,,0.0000,0.0000,0.0000
716 15905,A-1237:Cutting Tip 40 - 60 mm:1230-PMYF,Plasma Jhb,75.00,JHB,49.2900,3696.750000,,,,0.0000,0.0000,0.0000
716 15906,A-1238:Cutting Tip 60 -100 mm:1230-PMYF,Plasma Jhb,14.00,JHB,70.3600,985.040000,,,,0.0000,0.0000,0.0000
716 15906,A-1238:Cutting Tip 60 -100 mm:1230-PMYF,Plasma Jhb,-5.00,JHB,70.3600,-351.800000,,,,0.0000,0.0000,0.0000
716 1634,A-1480: Heating Nozzle 100-300mm,Plasma Jhb,3.00,CPT,0.0000,0.000000,,,,0.0000,0.0000,0.0000
716 1655,716.16550; A-1361; Heating Nozzle 3-100,Plasma Jhb,95.00,JHB,0.0000,0.000000,,,,0.0000,0.0000,0.0000
716 16552,716.16552;A-1457;Cutting Nozzle; 7-15mm,Plasma Jhb,50.00,JHB,0.0000,0.000000,,,,0.0000,0.0000,0.0000
716 16554,A-1459 Cutting Nozzle 25-40mm,Plasma Jhb,101.00,JHB,0.0000,0.000000,,,,0.0000,0.0000,0.0000
716 16555,A-1460 Cutting Nozzle 40-60mm,Plasma Jhb,51.00,JHB,0.0000,0.000000,,,,0.0000,0.0000,0.0000
716 16556,A-1461 Cutting Nozzle 60-100 mm,Plasma Jhb,39.00,JHB,0.0000,0.000000,,,,0.0000,0.0000,0.0000
716 16557,716-16557;A-1484; Cutting Nozzle100-200,Plasma Jhb,97.00,JHB,0.0000,0.000000,,,,0.0000,0.0000,0.0000
716 16558,716.16558; A-1485; Cutting Nozzle200-250,Plasma Jhb,114.00,JHB,0.0000,0.000000,,,,0.0000,0.0000,0.0000
716 16559,716.16559; A-1486; Cutting Nozzle250-300,Plasma Jhb,109.00,JHB,0.0000,0.000000,,,,0.0000,0.0000,0.0000
716.15560,Heating Nozzle,,1.00,JHB,0.0000,0.000000,,,,0.0000,0.0000,0.0000
716.15900,Heating Nozzle,Plasma Jhb,3.00,CPT,0.0000,0.000000,,,,0.0000,0.0000,0.0000
716.15900,Heating Nozzle,Plasma Jhb,57.00,JHB,0.0000,0.000000,,,,0.0000,0.0000,0.0000
716.15901,Cutting Tip 3-10mm,Plasma Jhb,10.00,CPT,0.0000,0.000000,,,,0.0000,0.0000,0.0000
716.15901,Cutting Tip 3-10mm,Plasma Jhb,10.00,JHB,0.0000,0.000000,,,,0.0000,0.0000,0.0000
716.15902,Cutting Tip 7-15mm,Plasma Jhb,5.00,CPT,0.0000,0.000000,,,,0.0000,0.0000,0.0000
716.15902,Cutting Tip 7-15mm,Plasma Jhb,15.00,JHB,0.0000,0.000000,,,,0.0000,0.0000,0.0000
716.15903,Cutting Tip 15-25mm,Plasma Jhb,4.00,CPT,0.0000,0.000000,,,,0.0000,0.0000,0.0000
716.15903,Cutting Tip 15-25mm,Plasma Jhb,36.00,JHB,0.0000,0.000000,,,,0.0000,0.0000,0.0000
716.15904,Cutting Tip 25-40mm,Plasma Jhb,40.00,CPT,0.0000,0.000000,,,,0.0000,0.0000,0.0000
716.15905,Cutting Tip 40-60mm,Plasma Jhb,45.00,JHB,0.0000,0.000000,,,,0.0000,0.0000,0.0000
716.15906,Cutting Tip 60-100A,Plasma Jhb,30.00,JHB,0.0000,0.000000,,,,0.0000,0.0000,0.0000
716.15927,Cutting Tip 100-200mm,Plasma Jhb,115.00,JHB,47.1500,5422.250000,,,,0.0000,0.0000,0.0000
716.15927,Cutting Tip 100-200mm,Plasma Jhb,-10.00,JHB,47.1500,-471.500000,,,,0.0000,0.0000,0.0000
716.15928,Cutting Tip 200-250mm,Plasma Jhb,-50.00,CPT,0.0000,0.000000,,,,0.0000,0.0000,0.0000
716.15928,Cutting Tip 200-250mm,Plasma Jhb,55.00,CPT,49.2900,2710.950000,,,,0.0000,0.0000,0.0000
716.15928,Cutting Tip 200-250mm,Plasma Jhb,110.00,JHB,0.0000,0.000000,,,,0.0000,0.0000,0.0000
716.15928,Cutting Tip 200-250mm,Plasma Jhb,15.00,JHB,49.2900,739.350000,,,,0.0000,0.0000,0.0000
716.15929,Cutting Tip 250-300mm,Plasma Jhb,120.00,JHB,64.4900,7738.800000,,,,0.0000,0.0000,0.0000
716.15929,Cutting Tip 250-300mm,Plasma Jhb,-5.00,JHB,64.4900,-322.450000,,,,0.0000,0.0000,0.0000
716.15931,Heating Nozzle 100-300mm,Plasma Jhb,90.00,JHB,87.5100,7875.900000,,,,0.0000,0.0000,0.0000
716.16550,Heating Nozzle 3-100mm,,94.00,JHB,0.0000,0.000000,,,,0.0000,0.0000,0.0000
769925,A-1452: Cutting Nozzle,Plasma Jhb,10.00,JHB,0.0000,0.000000,,,,0.0000,0.0000,0.0000
769926,A-1443: Cutting Nozzle 25-40mm,Plasma Jhb,30.00,JHB,0.0000,0.000000,,,,0.0000,0.0000,0.0000
769929,A-1446: Cutting Nozzle 100-150mm,Plasma Jhb,20.00,JHB,0.0000,0.000000,,,,0.0000,0.0000,0.0000
8-6515,T-0233 End Cap PCH/M6B,Plasma Jhb,9.00,JHB,0.0000,0.000000,,,,0.0000,0.0000,0.0000
8-6569,T-0220 Gas Distributor. 6B. 4 Holes:PCH/,Plasma Jhb,10.00,JHB,0.0000,0.000000,,,,0.0000,0.0000,0.0000
8-6571,T-0222 Liner Assembly PCH/M6B,Plasma Jhb,10.00,JHB,0.0000,0.000000,,,,0.0000,0.0000,0.0000
8-6575,T-0227 Tip 200A PCH/M6B,Plasma Jhb,34.00,JHB,0.0000,0.000000,,,,0.0000,0.0000,0.0000
8-6578,T-0223x5 Electrode PCH/M6B,Plasma Jhb,9.00,JHB,0.0000,0.000000,,,,0.0000,0.0000,0.0000
8-6581,T-0231 Outer Insulator PCH/M6B,Plasma Jhb,8.00,JHB,0.0000,0.000000,,,,0.0000,0.0000,0.0000
8-6615,T-0219 Electrode Holder PCH/M6B,Plasma Jhb,10.00,JHB,0.0000,0.000000,,,,0.0000,0.0000,0.0000
8-7501,Gas Distributor,Plasma Jhb,-47.00,CPT,0.0000,0.000000,,,,0.0000,0.0000,0.0000
8-7501,Gas Distributor,Plasma Jhb,94.00,JHB,0.0000,0.000000,,,,0.0000,0.0000,0.0000
9-8215,T-10399 Electrode SL60/SL100,Plasma Jhb,21.00,JHB,0.0000,0.000000,,,,0.0000,0.0000,0.0000
AM-MJ1508,AM-MJ1508 Neck O ring,Welding,30.00,CPT,0.0000,0.000000,,,,0.0000,0.0000,0.0000
AM-MJ1508,AM-MJ1508 Neck O ring,Welding,20.00,JHB,0.0000,0.000000,,,,0.0000,0.0000,0.0000
AM-MJ1509,AM-MJ1509 Neck O ring,Welding,30.00,CPT,0.0000,0.000000,,,,0.0000,0.0000,0.0000
AM-MJ1509,AM-MJ1509 Neck O ring,Welding,20.00,JHB,0.0000,0.000000,,,,0.0000,0.0000,0.0000
AM1001,AM1001 250 A Swan Neck Assembly,Welding,3.00,CPT,0.0000,0.000000,,,,0.0000,0.0000,0.0000
AM1001,AM1001 250 A Swan Neck Assembly,Welding,2.00,JHB,0.0000,0.000000,,,,0.0000,0.0000,0.0000
AM1514,AM1514 Handle Cable Support C/W Ball Joint,Welding,5.00,CPT,0.0000,0.000000,,,,0.0000,0.0000,0.0000
AM1516M,AM1516M Neck Nut Multijust,Welding,5.00,CPT,0.0000,0.000000,,,,0.0000,0.0000,0.0000
AM1516M,AM1516M Neck Nut Multijust,Welding,5.00,JHB,0.0000,0.000000,,,,0.0000,0.0000,0.0000
AM1519,AM1519 Gun Plug Nut,Welding,10.00,JHB,0.0000,0.000000,,,,0.0000,0.0000,0.0000
AM1524,AM1524 Gun Plug O Ring,Welding,50.00,CPT,0.0000,0.000000,,,,0.0000,0.0000,0.0000
AM1526,AM1526 Gun Plug Screw(M4X0.7),Welding,10.00,CPT,0.0000,0.000000,,,,0.0000,0.0000,0.0000
AM1526,AM1526 Gun Plug Screw(M4X0.7),Welding,10.00,JHB,0.0000,0.000000,,,,0.0000,0.0000,0.0000
AM1535-40,AM1535-40 M22 Steel liner x 4MT 0.6-0.9MM,Welding,70.00,CPT,0.0000,0.000000,,,,0.0000,0.0000,0.0000
AM1535-40,AM1535-40 M22 Steel liner x 4MT 0.6-0.9MM,Welding,50.00,JHB,0.0000,0.000000,,,,0.0000,0.0000,0.0000
AM1564-40,AM1564-40 Combi Liner x 4M 0.8-1.2MM,Welding,30.00,CPT,0.0000,0.000000,,,,0.0000,0.0000,0.0000
AM1564-40,AM1564-40 Combi Liner x 4M 0.8-1.2MM,Welding,30.00,JHB,0.0000,0.000000,,,,0.0000,0.0000,0.0000
AM1564-50,AM1564-50 Combi Liner x 5MT 0.8-1.2MM 4MM,,30.00,CPT,0.0000,0.000000,,,,0.0000,0.0000,0.0000
AM1564-50,AM1564-50 Combi Liner x 5MT 0.8-1.2MM 4MM,,30.00,JHB,0.0000,0.000000,,,,0.0000,0.0000,0.0000
AM1826,AM1826 Liner Retaining Nut,Welding,50.00,CPT,0.0000,0.000000,,,,0.0000,0.0000,0.0000
AM1826,AM1826 Liner Retaining Nut,Welding,-2.00,CPT,0.0000,0.000000,,,,0.0000,0.0000,0.0000
AM1826,AM1826 Liner Retaining Nut,Welding,50.00,JHB,0.0000,0.000000,,,,0.0000,0.0000,0.0000
AM1AP,AM1AP 250A Neck Insulator,Welding,50.00,CPT,0.0000,0.000000,,,,0.0000,0.0000,0.0000
AM1AP,AM1AP 250A Neck Insulator,Welding,50.00,JHB,0.0000,0.000000,,,,0.0000,0.0000,0.0000
AM1CN,AM1CN 180 A Conical Nozzle Assembly,Welding,150.00,CPT,0.0000,0.000000,,,,0.0000,0.0000,0.0000
AM1CN,AM1CN 180 A Conical Nozzle Assembly,Welding,150.00,JHB,0.0000,0.000000,,,,0.0000,0.0000,0.0000
AM1CT08,AM1CT08 Contact Tip M6 X 25MM 0.8MM,Welding,500.00,CPT,0.0000,0.000000,,,,0.0000,0.0000,0.0000
AM1CT08,AM1CT08 Contact Tip M6 X 25MM 0.8MM,Welding,500.00,JHB,0.0000,0.000000,,,,0.0000,0.0000,0.0000
AM1CT09,AM1CT09 Contact Tip M6 x 25MM0.9MM,Welding,490.00,CPT,0.0000,0.000000,,,,0.0000,0.0000,0.0000
AM1CT09,AM1CT09 Contact Tip M6 x 25MM0.9MM,Welding,510.00,JHB,0.0000,0.000000,,,,0.0000,0.0000,0.0000
AM1CT10,AM1CT10 Contact Tip M6 X25MM 1.0MM,Welding,490.00,CPT,0.0000,0.000000,,,,0.0000,0.0000,0.0000
AM1CT10,AM1CT10 Contact Tip M6 X25MM 1.0MM,Welding,490.00,JHB,0.0000,0.000000,,,,0.0000,0.0000,0.0000
AM1CT12,AM1CT12 M1/Contact Tip M6 x 25MM 1.2MM,Welding,500.00,CPT,0.0000,0.000000,,,,0.0000,0.0000,0.0000
AM1CT12,AM1CT12 M1/Contact Tip M6 x 25MM 1.2MM,Welding,500.00,JHB,0.0000,0.000000,,,,0.0000,0.0000,0.0000
AM1TA,AM1TA MA1 Tip Adaptor,Welding,150.00,CPT,0.0000,0.000000,,,,0.0000,0.0000,0.0000
AM1TA,AM1TA MA1 Tip Adaptor,Welding,-5.00,CPT,0.0000,0.000000,,,,0.0000,0.0000,0.0000
AM1TA,AM1TA MA1 Tip Adaptor,Welding,150.00,JHB,0.0000,0.000000,,,,0.0000,0.0000,0.0000
AM1TN,Tapered Nozzle Assembly,Welding,50.00,CPT,0.0000,0.000000,,,,0.0000,0.0000,0.0000
AM22001,AM22001 M22 Swan Neck Assembly,Welding,15.00,CPT,0.0000,0.000000,,,,0.0000,0.0000,0.0000
AM22001,AM22001 M22 Swan Neck Assembly,Welding,15.00,JHB,0.0000,0.000000,,,,0.0000,0.0000,0.0000
AM22001M,AM22001M Swan Neck Assembly-Multijust,Welding,10.00,CPT,0.0000,0.000000,,,,0.0000,0.0000,0.0000
AM22001M,AM22001M Swan Neck Assembly-Multijust,Welding,10.00,JHB,0.0000,0.000000,,,,0.0000,0.0000,0.0000
AM22CM,AM22CN Conical Nozzle Ass 250A,,175.00,CPT,0.0000,0.000000,,,,0.0000,0.0000,0.0000
AM22CM,AM22CN Conical Nozzle Ass 250A,,-25.00,CPT,0.0000,0.000000,,,,0.0000,0.0000,0.0000
AM22CM,AM22CN Conical Nozzle Ass 250A,,245.00,JHB,0.0000,0.000000,,,,0.0000,0.0000,0.0000
AM22CN,AM22CN Conical Nozzle Ass 250A,,-10.00,CPT,0.0000,0.000000,,,,0.0000,0.0000,0.0000
AM22CNHD,AM22CNHD Conical Nozzle HD Assembly,Welding,50.00,CPT,0.0000,0.000000,,,,0.0000,0.0000,0.0000
AM22CNHD,AM22CNHD Conical Nozzle HD Assembly,Welding,50.00,JHB,0.0000,0.000000,,,,0.0000,0.0000,0.0000
AM22MJL,AM22MJL Neck Jump Liner 0.8-1.2mm Hard wire,Welding,30.00,CPT,0.0000,0.000000,,,,0.0000,0.0000,0.0000
AM22MJL,AM22MJL Neck Jump Liner 0.8-1.2mm Hard wire,Welding,30.00,JHB,0.0000,0.000000,,,,0.0000,0.0000,0.0000
AM22TA,AM22TA Tip Adaptor,Welding,170.00,CPT,0.0000,0.000000,,,,0.0000,0.0000,0.0000
AM22TA,AM22TA Tip Adaptor,Welding,-5.00,CPT,0.0000,0.000000,,,,0.0000,0.0000,0.0000
AM22TA,AM22TA Tip Adaptor,Welding,268.00,JHB,0.0000,0.000000,,,,0.0000,0.0000,0.0000
AM22TN,Tapered Nozzle Assembly,Welding,50.00,CPT,0.0000,0.000000,,,,0.0000,0.0000,0.0000
AM22TN,Tapered Nozzle Assembly,Welding,100.00,JHB,0.0000,0.000000,,,,0.0000,0.0000,0.0000
AM2514,AM2514 Handle Kit,Welding,11.00,CPT,0.0000,0.000000,,,,0.0000,0.0000,0.0000
AM2514,AM2514 Handle Kit,Welding,9.00,JHB,0.0000,0.000000,,,,0.0000,0.0000,0.0000
AM2515,AM2515 Handle and Lock Nut Assembly,,5.00,CPT,0.0000,0.000000,,,,0.0000,0.0000,0.0000
AM2515,AM2515 Handle and Lock Nut Assembly,,5.00,JHB,0.0000,0.000000,,,,0.0000,0.0000,0.0000
AM2515-C,AM2515-C Handle Control Cover,Welding,5.00,CPT,0.0000,0.000000,,,,0.0000,0.0000,0.0000
AM2515-C,AM2515-C Handle Control Cover,Welding,5.00,JHB,0.0000,0.000000,,,,0.0000,0.0000,0.0000
AM2516,AM2516 Microswitch Standard Trigger Assembly,Welding,19.00,CPT,0.0000,0.000000,,,,0.0000,0.0000,0.0000
AM2516L,Microswitch Extended Trigger Assembly,Welding,5.00,CPT,0.0000,0.000000,,,,0.0000,0.0000,0.0000
AM2524-40,AM2524-50 Steel Liner x 5MT 1.0-1.2mm,Welding,20.00,CPT,0.0000,0.000000,,,,0.0000,0.0000,0.0000
AM2524-40,AM2524-50 Steel Liner x 5MT 1.0-1.2mm,Welding,-3.00,CPT,0.0000,0.000000,,,,0.0000,0.0000,0.0000
AM2524-40,AM2524-50 Steel Liner x 5MT 1.0-1.2mm,Welding,89.00,JHB,0.0000,0.000000,,,,0.0000,0.0000,0.0000
AM2524-50,AM2524-50 Steel Liner x 5MT 1.0-1.2mm,Welding,16.00,CPT,0.0000,0.000000,,,,0.0000,0.0000,0.0000
AM2524-50,AM2524-50 Steel Liner x 5MT 1.0-1.2mm,Welding,-6.00,CPT,0.0000,0.000000,,,,0.0000,0.0000,0.0000
AM2524-50,AM2524-50 Steel Liner x 5MT 1.0-1.2mm,Welding,30.00,JHB,0.0000,0.000000,,,,0.0000,0.0000,0.0000
AM2603-40,M22 Ultraflex Cable,Welding,2.00,CPT,0.0000,0.000000,,,,0.0000,0.0000,0.0000
AM2AP,AM2AP Neck Insulator,Welding,100.00,CPT,0.0000,0.000000,,,,0.0000,0.0000,0.0000
AM2AP,AM2AP Neck Insulator,Welding,100.00,JHB,0.0000,0.000000,,,,0.0000,0.0000,0.0000
AM2CT08,AM2CT08 Contact Tip M8 X 29.5MM Ecu 0.8mm,Welding,300.00,CPT,0.0000,0.000000,,,,0.0000,0.0000,0.0000
AM2CT08,AM2CT08 Contact Tip M8 X 29.5MM Ecu 0.8mm,Welding,300.00,JHB,0.0000,0.000000,,,,0.0000,0.0000,0.0000
AM2CT09,AM2CT09 Contact Tip M8 X 29.5MM 09.MM,Welding,500.00,CPT,0.0000,0.000000,,,,0.0000,0.0000,0.0000
AM2CT09,AM2CT09 Contact Tip M8 X 29.5MM 09.MM,Welding,489.00,JHB,0.0000,0.000000,,,,0.0000,0.0000,0.0000
AM2CT10,AM2CTN 250 A Contact Tip M8 X29.5MM,Welding,805.00,CPT,0.0000,0.000000,,,,0.0000,0.0000,0.0000
AM2CT10,AM2CTN 250 A Contact Tip M8 X29.5MM,Welding,-40.00,CPT,0.0000,0.000000,,,,0.0000,0.0000,0.0000
AM2CT10,AM2CTN 250 A Contact Tip M8 X29.5MM,Welding,1010.00,JHB,0.0000,0.000000,,,,0.0000,0.0000,0.0000
AM2CT10A,AM2CT10A Contact Tip M8X29.5MM 1.0mm,Welding,300.00,CPT,0.0000,0.000000,,,,0.0000,0.0000,0.0000
AM2CT12,AM2CT12 250 A Contact Tip M8 1.2MM,Welding,890.00,CPT,0.0000,0.000000,,,,0.0000,0.0000,0.0000
AM2CT12,AM2CT12 250 A Contact Tip M8 1.2MM,Welding,1050.00,JHB,0.0000,0.000000,,,,0.0000,0.0000,0.0000
AM2CT12A,AM2CT12A Contact Tip M8 X 29.5MM 1.2mm,Welding,300.00,CPT,0.0000,0.000000,,,,0.0000,0.0000,0.0000
AM4001,Swan Neck Assembly,Welding,5.00,JHB,0.0000,0.000000,,,,0.0000,0.0000,0.0000
AM4HDCN,Conical Nozzle (PART2),Welding,20.00,CPT,0.0000,0.000000,,,,0.0000,0.0000,0.0000
AM4HDCN,Conical Nozzle (PART2),Welding,50.00,JHB,0.0000,0.000000,,,,0.0000,0.0000,0.0000
AM4HDNI,Nozzle Insulator (PART 1),Welding,25.00,JHB,0.0000,0.000000,,,,0.0000,0.0000,0.0000
AM4TAC,Tip Adaptor CuCrZr High Preformance,Welding,30.00,CPT,0.0000,0.000000,,,,0.0000,0.0000,0.0000
AM4TAC,Tip Adaptor CuCrZr High Preformance,Welding,-20.00,CPT,0.0000,0.000000,,,,0.0000,0.0000,0.0000
AM4TAC,Tip Adaptor CuCrZr High Preformance,Welding,30.00,JHB,0.0000,0.000000,,,,0.0000,0.0000,0.0000
AM5001,AM5001 Swan Neck Assembly,Welding,46.00,JHB,0.0000,0.000000,,,,0.0000,0.0000,0.0000
AM5003CW-50,Power Cable Assembly X 5M,Welding,4.00,CPT,0.0000,0.000000,,,,0.0000,0.0000,0.0000
AM5010-50,AM5010-50 580A Switch Lead Assembly x 5M,Welding,5.00,CPT,0.0000,0.000000,,,,0.0000,0.0000,0.0000
AM5012-50,Water Inlet Hose Assembly X 5M,Welding,2.00,CPT,0.0000,0.000000,,,,0.0000,0.0000,0.0000
AM5019-50,Canvas Cover Assembly X 5M,Welding,8.00,CPT,0.0000,0.000000,,,,0.0000,0.0000,0.0000
AM5019-50,Canvas Cover Assembly X 5M,Welding,2.00,JHB,0.0000,0.000000,,,,0.0000,0.0000,0.0000
AM5098,Water Cooled Plug Body Assembly,Welding,40.00,JHB,324.1200,12964.800000,,,,0.0000,0.0000,0.0000
AM5502,Swan Neck Assembly,Welding,30.00,CPT,0.0000,0.000000,,,,0.0000,0.0000,0.0000
AM5502,Swan Neck Assembly,Welding,20.00,JHB,0.0000,0.000000,,,,0.0000,0.0000,0.0000
AM55WTAI,AM55WTAI Tip Adaptor Insulator,Welding,184.00,JHB,12.2500,2254.000000,,,,0.0000,0.0000,0.0000
AM5CYN,Cylindrical Nozzle c/w Insulator Nozzle,,5.00,JHB,91.1100,455.550000,,,,0.0000,0.0000,0.0000
AM5HDCN,AM5HDCN M5 Conical Nozzle (Part 2),Welding,317.00,JHB,0.0000,0.000000,,,,0.0000,0.0000,0.0000
AM5HDCN,AM5HDCN M5 Conical Nozzle (Part 2),Welding,-10.00,JHB,0.0000,0.000000,,,,0.0000,0.0000,0.0000
AM5HDNI,AM5HDNI M5 Nozzle Insulator(part 1),Welding,31.00,JHB,0.0000,0.000000,,,,0.0000,0.0000,0.0000
AM5TAB,AM5TAB Tip Adapter Brass,Welding,70.00,CPT,0.0000,0.000000,,,,0.0000,0.0000,0.0000
AM5TAB,AM5TAB Tip Adapter Brass,Welding,112.00,JHB,0.0000,0.000000,,,,0.0000,0.0000,0.0000
AM5TAB,AM5TAB Tip Adapter Brass,Welding,-15.00,JHB,0.0000,0.000000,,,,0.0000,0.0000,0.0000
AM5TAC,AM5TAC M5 Tip Adapter CuCrZr High Performance,Welding,141.00,JHB,53.6200,7560.420000,,,,0.0000,0.0000,0.0000
AM6001,Swan Neck Assembly,Welding,5.00,CPT,0.0000,0.000000,,,,0.0000,0.0000,0.0000
AM6002A22,AMA6002A22 Auto Swan neck 22,Welding,5.00,CPT,0.0000,0.000000,,,,0.0000,0.0000,0.0000
AM6002A22,AMA6002A22 Auto Swan neck 22,Welding,5.00,JHB,0.0000,0.000000,,,,0.0000,0.0000,0.0000
AM6008-50,AM6008-50 580A Outer Liner Assembly 5M,,5.00,CPT,0.0000,0.000000,,,,0.0000,0.0000,0.0000
AM6015-50,AM6015-50 580A Power Cable Ass 5M,Welding,5.00,CPT,0.0000,0.000000,,,,0.0000,0.0000,0.0000
AM6CL-1012-50,AM6CL-1012-50 Combi Liner x 5mt 1.0-1.2mm,Welding,41.00,JHB,0.0000,0.000000,,,,0.0000,0.0000,0.0000
AM6CL-1620-50,Combi Liner x 5MT 1.6-2.0MM,Welding,-6.00,CPT,0.0000,0.000000,,,,0.0000,0.0000,0.0000
AM6CL-1620-50,Combi Liner x 5MT 1.6-2.0MM,Welding,-2.00,CPT,0.0000,0.000000,,,,0.0000,0.0000,0.0000
AM6CL-1620-50,Combi Liner x 5MT 1.6-2.0MM,Welding,28.00,JHB,0.0000,0.000000,,,,0.0000,0.0000,0.0000
AM6CT10,Contact Tip M12 X40.5mm CuCrZr 1.0mm,Welding,30.00,CPT,0.0000,0.000000,,,,0.0000,0.0000,0.0000
AM6CT10,Contact Tip M12 X40.5mm CuCrZr 1.0mm,Welding,363.00,JHB,0.0000,0.000000,,,,0.0000,0.0000,0.0000
AM6CT12,Contact Tip M12 x40.5mm CuCrZr 1.2mm,Welding,60.00,CPT,0.0000,0.000000,,,,0.0000,0.0000,0.0000
AM6CT12,Contact Tip M12 x40.5mm CuCrZr 1.2mm,Welding,799.00,JHB,0.0000,0.000000,,,,0.0000,0.0000,0.0000
AM6CT12,Contact Tip M12 x40.5mm CuCrZr 1.2mm,Welding,-40.00,JHB,0.0000,0.000000,,,,0.0000,0.0000,0.0000
AM6CT16,Contact Tip M12 X40.5mmCuCrZr 1.6mm,Welding,60.00,CPT,0.0000,0.000000,,,,0.0000,0.0000,0.0000
AM6CT16,Contact Tip M12 X40.5mmCuCrZr 1.6mm,Welding,410.00,JHB,0.0000,0.000000,,,,0.0000,0.0000,0.0000
AM6CYN,Cylindrical Nozzle /Insulator Assembly,Welding,5.00,JHB,92.7000,463.500000,,,,0.0000,0.0000,0.0000
AM6HDCN,HD Conical Nozzle (Part 2),Welding,-99.00,CPT,0.0000,0.000000,,,,0.0000,0.0000,0.0000
AM6HDCN,HD Conical Nozzle (Part 2),Welding,248.00,JHB,0.0000,0.000000,,,,0.0000,0.0000,0.0000
AM6HDCN,HD Conical Nozzle (Part 2),Welding,-20.00,JHB,0.0000,0.000000,,,,0.0000,0.0000,0.0000
AM6HDNI,HD Nozzle Insulator (Part 1),Welding,25.00,CPT,0.0000,0.000000,,,,0.0000,0.0000,0.0000
AM6HDNI,HD Nozzle Insulator (Part 1),Welding,124.00,JHB,0.0000,0.000000,,,,0.0000,0.0000,0.0000
AM6HDNI,HD Nozzle Insulator (Part 1),Welding,-15.00,JHB,0.0000,0.000000,,,,0.0000,0.0000,0.0000
AM6OSWTAC-20,AM6OWTAC -20 Tip Adaptor Copper High Perfomance 2.0mm,Welding,118.00,JHB,0.0000,0.000000,,,,0.0000,0.0000,0.0000
AM6OSWTAC-45,AM60SWTAC-45 Tip Adaptor Copper High Performance 4.5mm,Welding,100.00,CPT,0.0000,0.000000,,,,0.0000,0.0000,0.0000
AM6SL-1012-20,AM6SL-1012-20 Steel Liner x 2mt 1.0-1.2mm,Welding,51.00,CPT,0.0000,0.000000,,,,0.0000,0.0000,0.0000
AM6SL-1012-20,AM6SL-1012-20 Steel Liner x 2mt 1.0-1.2mm,Welding,49.00,JHB,0.0000,0.000000,,,,0.0000,0.0000,0.0000
AM6SL-1012-50,AM6SL-1012-50 M5 Steel Liner 5MT 1.0-1.2MM,Welding,197.00,JHB,0.0000,0.000000,,,,0.0000,0.0000,0.0000
AM6SL-1012-50,AM6SL-1012-50 M5 Steel Liner 5MT 1.0-1.2MM,Welding,-5.00,JHB,0.0000,0.000000,,,,0.0000,0.0000,0.0000
AM6SL-16-50,AM6SL-16-50 390A Steel Liner 5m 1.6mm,Welding,80.00,CPT,0.0000,0.000000,,,,0.0000,0.0000,0.0000
AM6SL-16-50,AM6SL-16-50 390A Steel Liner 5m 1.6mm,Welding,-8.00,CPT,0.0000,0.000000,,,,0.0000,0.0000,0.0000
AM6SL-16-50,AM6SL-16-50 390A Steel Liner 5m 1.6mm,Welding,105.00,JHB,0.0000,0.000000,,,,0.0000,0.0000,0.0000
AM6SSTL-1012-50,AM6SSTL-1012-50 Stainless Steel Liner x 5MT 1.0-1.2 MM,Welding,19.00,CPT,0.0000,0.000000,,,,0.0000,0.0000,0.0000
AM6SSTL-16-50,AM6SSTL-16-50 M5 Stainless Steel Liner 5M 1.6MM,Welding,50.00,CPT,0.0000,0.000000,,,,0.0000,0.0000,0.0000
AM6TAC,Tip Adapter CuCrZr High Performance,Welding,10.00,CPT,0.0000,0.000000,,,,0.0000,0.0000,0.0000
AM6TAC,Tip Adapter CuCrZr High Performance,Welding,118.00,JHB,0.0000,0.000000,,,,0.0000,0.0000,0.0000
AM6WCT09,AM6WCT09 M5 Contact Tip M10 X 35.5MM 0.9MM,Welding,100.00,CPT,0.0000,0.000000,,,,0.0000,0.0000,0.0000
AM6WCT09,AM6WCT09 M5 Contact Tip M10 X 35.5MM 0.9MM,Welding,100.00,JHB,0.0000,0.000000,,,,0.0000,0.0000,0.0000
AM6WCT10,AM6WCT10 M5 Contact Tip M10 X 35.5MM 1.0MM,Welding,780.00,CPT,0.0000,0.000000,,,,0.0000,0.0000,0.0000
AM6WCT10,AM6WCT10 M5 Contact Tip M10 X 35.5MM 1.0MM,Welding,-40.00,CPT,0.0000,0.000000,,,,0.0000,0.0000,0.0000
AM6WCT10,AM6WCT10 M5 Contact Tip M10 X 35.5MM 1.0MM,Welding,1218.00,JHB,0.0000,0.000000,,,,0.0000,0.0000,0.0000
AM6WCT10,AM6WCT10 M5 Contact Tip M10 X 35.5MM 1.0MM,Welding,-20.00,JHB,0.0000,0.000000,,,,0.0000,0.0000,0.0000
AM6WCT10A,AM6WCT10A Contact Tip M10 X 35.5mm 1.0mm,Welding,210.00,CPT,0.0000,0.000000,,,,0.0000,0.0000,0.0000
AM6WCT10A,AM6WCT10A Contact Tip M10 X 35.5mm 1.0mm,Welding,277.00,JHB,0.0000,0.000000,,,,0.0000,0.0000,0.0000
AM6WCT12,AM6WCT12 Contact Tip M10 X 35MM CuCrZr 1.2mm,Welding,1000.00,CPT,0.0000,0.000000,,,,0.0000,0.0000,0.0000
AM6WCT12,AM6WCT12 Contact Tip M10 X 35MM CuCrZr 1.2mm,Welding,-50.00,CPT,0.0000,0.000000,,,,0.0000,0.0000,0.0000
AM6WCT12,AM6WCT12 Contact Tip M10 X 35MM CuCrZr 1.2mm,Welding,203.00,JHB,0.0000,0.000000,,,,0.0000,0.0000,0.0000
AM6WCT12,AM6WCT12 Contact Tip M10 X 35MM CuCrZr 1.2mm,Welding,-50.00,JHB,0.0000,0.000000,,,,0.0000,0.0000,0.0000
AM6WCT12A,AM6WCT12AContact Tip M10 X 35.5mm 1.2mm,Welding,240.00,CPT,0.0000,0.000000,,,,0.0000,0.0000,0.0000
AM6WCT12A,AM6WCT12AContact Tip M10 X 35.5mm 1.2mm,Welding,260.00,JHB,0.0000,0.000000,,,,0.0000,0.0000,0.0000
AM6WCT14,AM6WCT14 390A Contact Tip M10 X 35.5mm 1.4mm,Welding,350.00,JHB,0.0000,0.000000,,,,0.0000,0.0000,0.0000
AM6WCT14,AM6WCT14 390A Contact Tip M10 X 35.5mm 1.4mm,Welding,-50.00,JHB,0.0000,0.000000,,,,0.0000,0.0000,0.0000
AM6WCT16,AM6WCT16 Contact Tip M10 X 35.5mm1.6mm,Welding,526.00,JHB,0.0000,0.000000,,,,0.0000,0.0000,0.0000
AM6WCT16A,AM6WCTA Contact Tip M10 x 35.5mm CuCrZr 1.6mm,Welding,150.00,CPT,0.0000,0.000000,,,,0.0000,0.0000,0.0000
AM6WCT16A,AM6WCTA Contact Tip M10 x 35.5mm CuCrZr 1.6mm,Welding,150.00,JHB,0.0000,0.000000,,,,0.0000,0.0000,0.0000
AM6WCT20,Contact Tip M10 2.0 mm,,100.00,JHB,13.3000,1330.000000,,,,0.0000,0.0000,0.0000
AMA6002A,AMA6002A Auto Swan Neck Straight,Welding,7.00,JHB,0.0000,0.000000,,,,0.0000,0.0000,0.0000
AMB1528,AMB1528 Gun Plug Body,Welding,17.00,JHB,0.0000,0.000000,,,,0.0000,0.0000,0.0000
AMB1528,AMB1528 Gun Plug Body,Welding,-10.00,JHB,0.0000,0.000000,,,,0.0000,0.0000,0.0000
AMCLST-KITS,AMCLST-KITS Combi Liner Set up Kit,Welding,10.00,CPT,0.0000,0.000000,,,,0.0000,0.0000,0.0000
AMCLST-KITS,AMCLST-KITS Combi Liner Set up Kit,Welding,10.00,JHB,0.0000,0.000000,,,,0.0000,0.0000,0.0000
AMDMS,AMDMNS Screw and Nut,Welding,5.00,CPT,0.0000,0.000000,,,,0.0000,0.0000,0.0000
AMDMS,AMDMNS Screw and Nut,Welding,5.00,JHB,0.0000,0.000000,,,,0.0000,0.0000,0.0000
AMM2514,AMM2514 Handle Kit,Welding,5.00,CPT,0.0000,0.000000,,,,0.0000,0.0000,0.0000
AMN55WCN,AMN55WCN Conical Nozzle/Insulator Ass,Welding,187.00,JHB,0.0000,0.000000,,,,0.0000,0.0000,0.0000
AMN55WCN-C,AMN55WCN-C Conical Nozzle c/w Insulator,Welding,45.00,CPT,0.0000,0.000000,,,,0.0000,0.0000,0.0000
AMN55WCN-C,AMN55WCN-C Conical Nozzle c/w Insulator,Welding,215.00,JHB,0.0000,0.000000,,,,0.0000,0.0000,0.0000
AMN55WCN-C,AMN55WCN-C Conical Nozzle c/w Insulator,Welding,5.00,JHB,73.1700,365.850000,,,,0.0000,0.0000,0.0000
AMN6WCNR,AMN6WCNR Nozzle Retaining Ring,Welding,16.00,CPT,0.0000,0.000000,,,,0.0000,0.0000,0.0000
AMN6WCNR,AMN6WCNR Nozzle Retaining Ring,Welding,14.00,JHB,0.0000,0.000000,,,,0.0000,0.0000,0.0000
AMOSW-LINER-T,AMOSW-LINER-T Soft Wire Liner Tool Package,Welding,10.00,CPT,0.0000,0.000000,,,,0.0000,0.0000,0.0000
AMS3208-1,AMS3208-1 Ball Joint,Welding,15.00,CPT,0.0000,0.000000,,,,0.0000,0.0000,0.0000
AMS3208-1,AMS3208-1 Ball Joint,Welding,15.00,JHB,0.0000,0.000000,,,,0.0000,0.0000,0.0000
AMS3208-S,AMS3208-S Cable Support Nut,Welding,10.00,CPT,0.0000,0.000000,,,,0.0000,0.0000,0.0000
AMS3208-S,AMS3208-S Cable Support Nut,Welding,10.00,JHB,0.0000,0.000000,,,,0.0000,0.0000,0.0000
AMS8017,AMS8017 Handle Cable Support c/wBall Joint,Welding,8.00,CPT,0.0000,0.000000,,,,0.0000,0.0000,0.0000
AMS8017,AMS8017 Handle Cable Support c/wBall Joint,Welding,12.00,JHB,0.0000,0.000000,,,,0.0000,0.0000,0.0000
AMWS,AMWS Wear Parts Spanner,Welding,8.00,CPT,0.0000,0.000000,,,,0.0000,0.0000,0.0000
AMWS,AMWS Wear Parts Spanner,Welding,12.00,JHB,0.0000,0.000000,,,,0.0000,0.0000,0.0000
ANT001,Anti Spatter 20L,,2.00,JHB,0.0000,0.000000,,,,0.0000,0.0000,0.0000
AT1501,T2 Torch Body Air Cooled,Welding,5.00,JHB,0.0000,0.000000,,,,0.0000,0.0000,0.0000
AT1501F,T2FX Flexible Torch Body Air Cooled,Welding,5.00,JHB,0.0000,0.000000,,,,0.0000,0.0000,0.0000
AT2601,T3 Torch Body Air Cooled,Welding,5.00,JHB,0.0000,0.000000,,,,0.0000,0.0000,0.0000
AT2601F,T3FX Flexible Torch Body Air cooled,Welding,5.00,JHB,0.0000,0.000000,,,,0.0000,0.0000,0.0000
AT4501,T32/T4W Torch Body Liquid Cooled,Welding,5.00,JHB,0.0000,0.000000,,,,0.0000,0.0000,0.0000
AT4501F,T3WFX/T4WFX Torch Body Liquid Cooled,Welding,5.00,JHB,0.0000,0.000000,,,,0.0000,0.0000,0.0000
AT5501F,T5WFX Torch Body Water-Cooled,Welding,5.00,JHB,0.0000,0.000000,,,,0.0000,0.0000,0.0000
ATER1MS,Momentary Switch Kit,Welding,10.00,JHB,0.0000,0.000000,,,,0.0000,0.0000,0.0000
ATER3MS,3 Button Momentary Kit,Welding,5.00,JHB,0.0000,0.000000,,,,0.0000,0.0000,0.0000
ATER3MS,3 Button Momentary Kit,Welding,-1.00,JHB,0.0000,0.000000,,,,0.0000,0.0000,0.0000
ATP1,7Pin Uniarc Quick Fit Switch Plug Kit,Welding,10.00,JHB,0.0000,0.000000,,,,0.0000,0.0000,0.0000
ATP2,5 Pin Tuchel Quick Fit Switch Plug Kit,Welding,10.00,JHB,0.0000,0.000000,,,,0.0000,0.0000,0.0000
ATP3,3 Pin Xs 12 Series Quick Fit Switch Plug Kit,Welding,10.00,JHB,0.0000,0.000000,,,,0.0000,0.0000,0.0000
ATP5,6 Pin Amphenol Quick Fit Switch Plug Kit,Welding,10.00,JHB,0.0000,0.000000,,,,0.0000,0.0000,0.0000
ATRK4,4 Button Rocker Switch,Welding,10.00,JHB,194.1200,1941.200000,,,,0.0000,0.0000,0.0000
E0,Electrode 30-80A,Plasma Jhb,27.00,JHB,37.8000,1020.600000,,,,0.0000,0.0000,0.0000
E1,Electrode,Plasma,10.00,CPT,51.2400,512.400000,,,,0.0000,0.0000,0.0000
E1,Electrode,Plasma,62.00,JHB,51.2400,3176.880000,,,,0.0000,0.0000,0.0000
E3,Electrode 260A Brazing,,10.00,CPT,10.3100,103.100000,,,,0.0000,0.0000,0.0000
E3,Electrode 260A Brazing,,89.00,JHB,10.3100,917.590000,,,,0.0000,0.0000,0.0000
EX-4-001-004,75 A Machine,Plasma,1.00,JHB,0.0000,0.000000,,,,0.0000,0.0000,0.0000
EX-5-140-002,Hand Torch 65/85/105,,1.00,JHB,0.0000,0.000000,,,,0.0000,0.0000,0.0000
M1-4M-KIT,M1-4M-KIT 180 A A/C Mig Torch 4M,Welding,20.00,CPT,0.0000,0.000000,,,,0.0000,0.0000,0.0000
M1-4M-KIT,M1-4M-KIT 180 A A/C Mig Torch 4M,Welding,18.00,JHB,0.0000,0.000000,,,,0.0000,0.0000,0.0000
M1-4M-KIT,M1-4M-KIT 180 A A/C Mig Torch 4M,Welding,-1.00,JHB,0.0000,0.000000,,,,0.0000,0.0000,0.0000
M22-4M-KIT,M22-4M-KIT 250 A Mig Torch Package x 4m(incl starter kit),Welding,21.00,CPT,0.0000,0.000000,,,,0.0000,0.0000,0.0000
M22-4M-KIT,M22-4M-KIT 250 A Mig Torch Package x 4m(incl starter kit),Welding,21.00,JHB,0.0000,0.000000,,,,0.0000,0.0000,0.0000
M22-5M-KIT Multijust,M22M-5M-KIT Multijust 250A A/C Mig Torch (incl Starter kit),Welding,19.00,CPT,0.0000,0.000000,,,,0.0000,0.0000,0.0000
M22-5M-KIT Multijust,M22M-5M-KIT Multijust 250A A/C Mig Torch (incl Starter kit),Welding,-1.00,CPT,0.0000,0.000000,,,,0.0000,0.0000,0.0000
M22-5M-KIT Multijust,M22M-5M-KIT Multijust 250A A/C Mig Torch (incl Starter kit),Welding,10.00,JHB,0.0000,0.000000,,,,0.0000,0.0000,0.0000
M22-5M-KIT Normal,M22-5M-KIT M22- 250 A/C Mig Torch Package x 5mt(incl M22 Starter kit),Welding,19.00,CPT,0.0000,0.000000,,,,0.0000,0.0000,0.0000
M22-5M-KIT Normal,M22-5M-KIT M22- 250 A/C Mig Torch Package x 5mt(incl M22 Starter kit),Welding,-2.00,CPT,0.0000,0.000000,,,,0.0000,0.0000,0.0000
M22-5M-KIT Normal,M22-5M-KIT M22- 250 A/C Mig Torch Package x 5mt(incl M22 Starter kit),Welding,8.00,JHB,0.0000,0.000000,,,,0.0000,0.0000,0.0000
M22-5M-KIT Normal,M22-5M-KIT M22- 250 A/C Mig Torch Package x 5mt(incl M22 Starter kit),Welding,-1.00,JHB,0.0000,0.000000,,,,0.0000,0.0000,0.0000
M4-5M-KIT,M4-350A Air cooled Mig Torch Package 5M,Welding,6.00,CPT,0.0000,0.000000,,,,0.0000,0.0000,0.0000
M4-5M-KIT,M4-350A Air cooled Mig Torch Package 5M,Welding,-2.00,CPT,0.0000,0.000000,,,,0.0000,0.0000,0.0000
M4-5M-KIT,M4-350A Air cooled Mig Torch Package 5M,Welding,40.00,JHB,0.0000,0.000000,,,,0.0000,0.0000,0.0000
M5-5M,M5-5M 390A Air Cooled Mig Torch 5M,Welding,142.00,JHB,0.0000,0.000000,,,,0.0000,0.0000,0.0000
M5-5M,M5-5M 390A Air Cooled Mig Torch 5M,Welding,-1.00,JHB,0.0000,0.000000,,,,0.0000,0.0000,0.0000
M5-5M-AD,M5-5M-AD M5 390A Air Cooled Mig Torch 5m,Welding,20.00,CPT,0.0000,0.000000,,,,0.0000,0.0000,0.0000
M55W-5M-KIT,M55W-580A Liquid-Cooled Mig Torch Package,Welding,113.00,JHB,0.0000,0.000000,,,,0.0000,0.0000,0.0000
M6-5M,M6-430A Air Cooled Mig Torch Package 5M,Welding,17.00,JHB,0.0000,0.000000,,,,0.0000,0.0000,0.0000
M65WA45-1M,M65WA45-1M 580 A Liquid Cooled Mig Torch 1 M,Welding,2.00,CPT,0.0000,0.000000,,,,0.0000,0.0000,0.0000
M65WA45-1M,M65WA45-1M 580 A Liquid Cooled Mig Torch 1 M,Welding,17.00,JHB,0.0000,0.000000,,,,0.0000,0.0000,0.0000
M65WA45-2M,M65WA45-2M 580A Liquid Cooled Mig Torch x 2MT,Welding,2.00,CPT,0.0000,0.000000,,,,0.0000,0.0000,0.0000
M65WA45-2M,M65WA45-2M 580A Liquid Cooled Mig Torch x 2MT,Welding,14.00,JHB,0.0000,0.000000,,,,0.0000,0.0000,0.0000
M65WA45-2M,M65WA45-2M 580A Liquid Cooled Mig Torch x 2MT,Welding,-2.00,JHB,0.0000,0.000000,,,,0.0000,0.0000,0.0000
M6A-2M,M6 Torch 2M,,1.00,JHB,0.0000,0.000000,,,,0.0000,0.0000,0.0000
N1,T-11329:Nozzle 30A:HP260A:AJAN,Plasma Jhb,50.00,JHB,0.0000,0.000000,,,,0.0000,0.0000,0.0000
N2,Nozzle 40A,Plasma Jhb,7.00,JHB,0.0000,0.000000,,,,0.0000,0.0000,0.0000
N3,Nozzle 80A,Plasma Jhb,13.00,JHB,0.0000,0.000000,,,,0.0000,0.0000,0.0000
N4,Nozzle,,10.00,JHB,0.0000,0.000000,,,,0.0000,0.0000,0.0000
N5,Nozzle,Plasma,17.00,CPT,32.1100,545.870000,,,,0.0000,0.0000,0.0000
N5,Nozzle,Plasma,50.00,JHB,32.1100,1605.500000,,,,0.0000,0.0000,0.0000
N6,Nozzle 130A,Plasma Jhb,10.00,CPT,0.0000,0.000000,,,,0.0000,0.0000,0.0000
N7,Nozzle 260A,Plasma Jhb,40.00,CPT,0.0000,0.000000,,,,0.0000,0.0000,0.0000
N7,Nozzle 260A,Plasma Jhb,-5.00,CPT,0.0000,0.000000,,,,0.0000,0.0000,0.0000
N7,Nozzle 260A,Plasma Jhb,20.00,JHB,0.0000,0.000000,,,,0.0000,0.0000,0.0000
PC103; A141,Shield Cap,Plasma Jhb,45.00,JHB,0.0000,0.000000,,,,0.0000,0.0000,0.0000
PC109; A101,Shield Cap,Plasma Jhb,39.00,JHB,0.0000,0.000000,,,,0.0000,0.0000,0.0000
PD101-14;,Tip 1.4mm,Plasma Jhb,200.00,CPT,0.0000,0.000000,,,,0.0000,0.0000,0.0000
PD101-14;,Tip 1.4mm,Plasma Jhb,1000.00,JHB,0.0000,0.000000,,,,0.0000,0.0000,0.0000
PD101-17,Tip 1.7mm,Plasma Jhb,339.00,JHB,0.0000,0.000000,,,,0.0000,0.0000,0.0000
PE 101,Swirl Ring,Plasma Jhb,73.00,CPT,0.0000,0.000000,,,,0.0000,0.0000,0.0000
PR 101,Electrode,Plasma Jhb,1640.00,JHB,0.0000,0.000000,,,,0.0000,0.0000,0.0000
QAK1,Small Collet Body Kit 1.6/2.0/2.4,Welding,2.00,CPT,0.0000,0.000000,,,,0.0000,0.0000,0.0000
QAK1,Small Collet Body Kit 1.6/2.0/2.4,Welding,7.00,JHB,0.0000,0.000000,,,,0.0000,0.0000,0.0000
QAK2,Small Collet Body Kit 2.4/3.2/4.0,Welding,2.00,CPT,0.0000,0.000000,,,,0.0000,0.0000,0.0000
QAK2,Small Collet Body Kit 2.4/3.2/4.0,Welding,17.00,JHB,0.0000,0.000000,,,,0.0000,0.0000,0.0000
QAK3,Small Gas Lens Body Kit 1.6/2.0/2.4,Welding,-10.00,CPT,0.0000,0.000000,,,,0.0000,0.0000,0.0000
QAK3,Small Gas Lens Body Kit 1.6/2.0/2.4,Welding,18.00,JHB,0.0000,0.000000,,,,0.0000,0.0000,0.0000
QAK3,Small Gas Lens Body Kit 1.6/2.0/2.4,Welding,-5.00,JHB,0.0000,0.000000,,,,0.0000,0.0000,0.0000
QAK4,Small Gas Lens Body Kit 2.4/3.2/4.0,Welding,2.00,CPT,0.0000,0.000000,,,,0.0000,0.0000,0.0000
QAK4,Small Gas Lens Body Kit 2.4/3.2/4.0,Welding,16.00,JHB,0.0000,0.000000,,,,0.0000,0.0000,0.0000
QAK5,Medium Collet Body Kit 2.4/3.2/4.0,Welding,2.00,CPT,0.0000,0.000000,,,,0.0000,0.0000,0.0000
QAK5,Medium Collet Body Kit 2.4/3.2/4.0,Welding,17.00,JHB,0.0000,0.000000,,,,0.0000,0.0000,0.0000
QAK6,Medium Collet Body Kit 4.0/4.8/6.4,Welding,2.00,CPT,0.0000,0.000000,,,,0.0000,0.0000,0.0000
QAK6,Medium Collet Body Kit 4.0/4.8/6.4,Welding,7.00,JHB,0.0000,0.000000,,,,0.0000,0.0000,0.0000
QAK7,Medium Collet Body Kit 4.0/4.8/6.4,Welding,2.00,CPT,0.0000,0.000000,,,,0.0000,0.0000,0.0000
QAK7,Medium Collet Body Kit 4.0/4.8/6.4,Welding,15.00,JHB,0.0000,0.000000,,,,0.0000,0.0000,0.0000
QAK8,Medium Gas Lens Body Kit 4.0/4.8/6.4,Welding,8.00,CPT,0.0000,0.000000,,,,0.0000,0.0000,0.0000
S1,Shield 30A,Plasma Jhb,11.00,JHB,0.0000,0.000000,,,,0.0000,0.0000,0.0000
S2,T-11335:Shield 40A:HP260A:AJAN,Plasma Jhb,25.00,JHB,0.0000,0.000000,,,,0.0000,0.0000,0.0000
S4,Shield 260A,Plasma Jhb,20.00,JHB,45.5200,910.400000,,,,0.0000,0.0000,0.0000
SC2,Shield Cap 30-260A,,4.00,JHB,148.6400,594.560000,,,,0.0000,0.0000,0.0000
SW1,Swirl Ring 20-80A,Plasma,5.00,JHB,0.0000,0.000000,,,,0.0000,0.0000,0.0000
SW3,Swirl Ring 260A,Plasma,10.00,JHB,0.0000,0.000000,,,,0.0000,0.0000,0.0000
T-0994,Paste,,1.00,JHB,116.0000,116.000000,,,,0.0000,0.0000,0.0000
T2FX-S1-8M-SL-QGS1-ATP1,T2FX Air Cooled Flexible Tig Torch Package 8M,Welding,3.00,CPT,0.0000,0.000000,,,,0.0000,0.0000,0.0000
T2FX-S1-8M-SL-QGS1-ATP1,T2FX Air Cooled Flexible Tig Torch Package 8M,Welding,25.00,JHB,0.0000,0.000000,,,,0.0000,0.0000,0.0000
T2LBC,Long Back Cap,Welding,10.00,CPT,0.0000,0.000000,,,,0.0000,0.0000,0.0000
T2LBC,Long Back Cap,Welding,39.00,JHB,0.0000,0.000000,,,,0.0000,0.0000,0.0000
T2MBC,Medium Back Cap,Welding,10.00,CPT,0.0000,0.000000,,,,0.0000,0.0000,0.0000
T2MBC,Medium Back Cap,Welding,40.00,JHB,0.0000,0.000000,,,,0.0000,0.0000,0.0000
T2SBC,Short Back Cap,Welding,47.00,JHB,0.0000,0.000000,,,,0.0000,0.0000,0.0000
T2SSAK-24,Super Series Accessory Kit 2.4mm,Welding,2.00,CPT,0.0000,0.000000,,,,0.0000,0.0000,0.0000
T2SSAK-24,Super Series Accessory Kit 2.4mm,Welding,7.00,JHB,0.0000,0.000000,,,,0.0000,0.0000,0.0000
T2SSAK-32,Super Series Accessory Kit 3.2mm,Welding,2.00,CPT,0.0000,0.000000,,,,0.0000,0.0000,0.0000
T2SSAK-32,Super Series Accessory Kit 3.2mm,Welding,7.00,JHB,0.0000,0.000000,,,,0.0000,0.0000,0.0000
T3FX-S1-8M-SL-QGS1-ATP1,T3FX Air Cooled Flexible Tig Torch Package 8M,Welding,3.00,CPT,0.0000,0.000000,,,,0.0000,0.0000,0.0000
T3FX-S1-8M-SL-QGS1-ATP1,T3FX Air Cooled Flexible Tig Torch Package 8M,Welding,20.00,JHB,0.0000,0.000000,,,,0.0000,0.0000,0.0000
T3LBC,Long Back Cap,Welding,10.00,CPT,0.0000,0.000000,,,,0.0000,0.0000,0.0000
T3LBC,Long Back Cap,Welding,39.00,JHB,0.0000,0.000000,,,,0.0000,0.0000,0.0000
T3MBC,Medium Back Cap,Welding,10.00,CPT,0.0000,0.000000,,,,0.0000,0.0000,0.0000
T3MBC,Medium Back Cap,Welding,40.00,JHB,0.0000,0.000000,,,,0.0000,0.0000,0.0000
T3SBC,Short Back Cap,Welding,10.00,CPT,0.0000,0.000000,,,,0.0000,0.0000,0.0000
T3SBC,Short Back Cap,Welding,37.00,JHB,0.0000,0.000000,,,,0.0000,0.0000,0.0000
T3SSAK-24,Super Series Accessory Kit 2.4mm,Welding,9.00,CPT,0.0000,0.000000,,,,0.0000,0.0000,0.0000
T3SSAK-32,Super Series Accessory Kit 3.2mm,Welding,8.00,CPT,0.0000,0.000000,,,,0.0000,0.0000,0.0000
T3WFX-S1-8M-SL-QWF1-QWR1,T3WFX Liquid-Cooled Tig Torch Package 8M,Welding,3.00,CPT,0.0000,0.000000,,,,0.0000,0.0000,0.0000
T3WFX-S1-8M-SL-QWF1-QWR1,T3WFX Liquid-Cooled Tig Torch Package 8M,Welding,20.00,JHB,0.0000,0.000000,,,,0.0000,0.0000,0.0000
T3WFX-S1-8M-SL-QWF1-QWR1,T3WFX Liquid-Cooled Tig Torch Package 8M,Welding,-2.00,JHB,0.0000,0.000000,,,,0.0000,0.0000,0.0000
T5WFX-S1-8M-SL-QWF1-QWR1-QG,TSWFX Liquid-Cooled Tig Torch Package 8M,Welding,2.00,CPT,0.0000,0.000000,,,,0.0000,0.0000,0.0000
T5WFX-S1-8M-SL-QWF1-QWR1-QG,TSWFX Liquid-Cooled Tig Torch Package 8M,Welding,8.00,JHB,0.0000,0.000000,,,,0.0000,0.0000,0.0000
TET01035,P80 Nozzle; 1 3mm,Plasma,180.00,CPT,0.0000,0.000000,,,,0.0000,0.0000,0.0000
TET01035,P80 Nozzle; 1 3mm,Plasma,160.00,JHB,0.0000,0.000000,,,,0.0000,0.0000,0.0000
TET01103,Tip 1.1mm 40A,Plasma,190.00,JHB,0.0000,0.000000,,,,0.0000,0.0000,0.0000
TET01507,P80 Nozzle; 1.5mm,Plasma,1147.00,JHB,0.0000,0.000000,,,,0.0000,0.0000,0.0000
TET01507,P80 Nozzle; 1.5mm,Plasma,-55.00,JHB,0.0000,0.000000,,,,0.0000,0.0000,0.0000
TET02033,P80 Electrode,Plasma,584.00,JHB,0.0000,0.000000,,,,0.0000,0.0000,0.0000
TGN02004,Shield Cap 80 -100,,175.00,JHB,0.0000,0.000000,,,,0.0000,0.0000,0.0000
TTS428144,Tube,,8.00,JHB,186.6900,1493.520000,,,,0.0000,0.0000,0.0000
TTS428145,Adapter Ring,,8.00,JHB,105.2600,842.080000,,,,0.0000,0.0000,0.0000
TTS428248,Sleeve,,8.00,JHB,180.4700,1443.760000,,,,0.0000,0.0000,0.0000
UB1519/S,Gun Plug Nut,Welding,5.00,CPT,0.0000,0.000000,,,,0.0000,0.0000,0.0000
UB1525,Liner Nut,Welding,10.00,CPT,0.0000,0.000000,,,,0.0000,0.0000,0.0000
UB5098,Gun Plug Body C/W Spring Pins,Welding,4.00,CPT,0.0000,0.000000,,,,0.0000,0.0000,0.0000
UFRDK,UFRDK Fronius New Type Connector Kits,Welding,42.00,CPT,0.0000,0.000000,,,,0.0000,0.0000,0.0000
UFRDK,UFRDK Fronius New Type Connector Kits,Welding,26.00,JHB,0.0000,0.000000,,,,0.0000,0.0000,0.0000
UGP0807-1,UGP0807-1 Potentiometer Kit 1K,Welding,1.00,CPT,0.0000,0.000000,,,,0.0000,0.0000,0.0000
UGP0807-10,UGP0807-10 Potentiometer Kit 10K,Welding,1.00,CPT,0.0000,0.000000,,,,0.0000,0.0000,0.0000
UGP0807-5,UGP0807-5 Potentiometer Kit 5K,Welding,1.00,CPT,0.0000,0.000000,,,,0.0000,0.0000,0.0000
UGP2514-C,Push Pull Handle Cover,Welding,5.00,CPT,0.0000,0.000000,,,,0.0000,0.0000,0.0000
UGP2515-KJ,Push Pull Handle,Welding,3.00,CPT,0.0000,0.000000,,,,0.0000,0.0000,0.0000
UGP2516,Standard Trigger Assembly,Welding,5.00,CPT,0.0000,0.000000,,,,0.0000,0.0000,0.0000
UGP3603A,UGP3603A Swan Neck Assembly Straight,Welding,2.00,CPT,0.0000,0.000000,,,,0.0000,0.0000,0.0000
UGP36402,Pressure Arm Assembly,Welding,3.00,CPT,0.0000,0.000000,,,,0.0000,0.0000,0.0000
UGP36402B,Tension kob,Welding,3.00,CPT,0.0000,0.000000,,,,0.0000,0.0000,0.0000
UGP36402R,Pressure Roll,Welding,2.00,CPT,0.0000,0.000000,,,,0.0000,0.0000,0.0000
UGP4001-24-W45-P5-80ER,Progrip Pull Mig Package x 8mt 45 Neck,Welding,2.00,CPT,0.0000,0.000000,,,,0.0000,0.0000,0.0000
UGP4001-24-W45-P5-80ER,Progrip Pull Mig Package x 8mt 45 Neck,Welding,3.00,JHB,0.0000,0.000000,,,,0.0000,0.0000,0.0000
UGP4001-42-W45-P54-8OER,UGP4001-42-W45-P54-8OER Push Pull 8M 42,Welding,1.00,CPT,0.0000,0.000000,,,,0.0000,0.0000,0.0000
UGP40101,Motor Body Water Cooled range,Welding,2.00,CPT,0.0000,0.000000,,,,0.0000,0.0000,0.0000
UGP4011,Swan Neck Assembly,Welding,5.00,CPT,0.0000,0.000000,,,,0.0000,0.0000,0.0000
UGP8224-24,Motor 24V DC,Welding,4.00,CPT,0.0000,0.000000,,,,0.0000,0.0000,0.0000
UGP822W-12,Drive Roll for steel wire 1.2mm,Welding,5.00,CPT,0.0000,0.000000,,,,0.0000,0.0000,0.0000
UGP822W-12U,Drive Roll for Aluminium wire 1.2mm,Welding,10.00,CPT,0.0000,0.000000,,,,0.0000,0.0000,0.0000
UGPMS1,Motor Screw,Welding,3.00,CPT,0.0000,0.000000,,,,0.0000,0.0000,0.0000
UPG3208,Handle Cable Support c/w Ball joint,Welding,5.00,CPT,0.0000,0.000000,,,,0.0000,0.0000,0.0000
UT5022,Gun Plug Housing C/W Nut,Welding,5.00,CPT,0.0000,0.000000,,,,0.0000,0.0000,0.0000
UWG3-16-150,PROGRIP PULL-MIG PACKAGE X 8MT 45,Welding,50.00,JHB,0.0000,0.000000,,,,0.0000,0.0000,0.0000
UWG3-24-150,2.4MM 150MM TUNGSTEN RARE EARTH,Welding,260.00,JHB,0.0000,0.000000,,,,0.0000,0.0000,0.0000
UWG3-32-150,3.2MM 150MM TUNGSTEN RARE,Welding,50.00,CPT,0.0000,0.000000,,,,0.0000,0.0000,0.0000
UWG3-32-150,3.2MM 150MM TUNGSTEN RARE,Welding,150.00,JHB,0.0000,0.000000,,,,0.0000,0.0000,0.0000
